-- phpMyAdmin SQL Dump
-- version 4.5.1
-- http://www.phpmyadmin.net
--
-- Host: 127.0.0.1
-- Generation Time: Oct 23, 2017 at 10:56 AM
-- Server version: 10.1.13-MariaDB
-- PHP Version: 7.0.8

SET SQL_MODE = "NO_AUTO_VALUE_ON_ZERO";
SET time_zone = "+00:00";


/*!40101 SET @OLD_CHARACTER_SET_CLIENT=@@CHARACTER_SET_CLIENT */;
/*!40101 SET @OLD_CHARACTER_SET_RESULTS=@@CHARACTER_SET_RESULTS */;
/*!40101 SET @OLD_COLLATION_CONNECTION=@@COLLATION_CONNECTION */;
/*!40101 SET NAMES utf8mb4 */;

--
-- Database: `ims_db`
--

-- --------------------------------------------------------

--
-- Table structure for table `likedislike`
--

CREATE TABLE `likedislike` (
  `LikeDislikeId` int(11) NOT NULL,
  `PrayerRequestId` int(11) NOT NULL,
  `UserId` int(11) NOT NULL,
  `LikeDislikeStatus` int(11) NOT NULL,
  `CreatedOn` datetime NOT NULL,
  `UpdatedOn` datetime NOT NULL
) ENGINE=MyISAM DEFAULT CHARSET=latin1;

--
-- Dumping data for table `likedislike`
--

INSERT INTO `likedislike` (`LikeDislikeId`, `PrayerRequestId`, `UserId`, `LikeDislikeStatus`, `CreatedOn`, `UpdatedOn`) VALUES
(13, 2, 158, 1, '2017-06-07 08:04:02', '2017-06-07 08:04:02'),
(2, 2, 157, 1, '2017-06-06 08:14:24', '2017-06-06 08:14:24'),
(3, 3, 157, 1, '2017-06-06 08:14:26', '2017-06-06 08:14:26'),
(4, 4, 157, 1, '2017-06-06 08:14:26', '2017-06-06 08:14:26'),
(16, 3, 170, 1, '2017-06-08 04:43:40', '2017-06-08 04:43:40'),
(15, 3, 170, 1, '2017-06-08 04:43:29', '2017-06-08 04:43:29'),
(14, 1, 157, 1, '2017-06-07 09:50:44', '2017-06-07 09:50:44'),
(12, 1, 158, 1, '2017-06-07 08:04:01', '2017-06-07 08:04:01'),
(17, 3, 170, 1, '2017-06-08 04:43:50', '2017-06-08 04:43:50'),
(18, 3, 172, 1, '2017-06-08 04:44:19', '2017-06-08 04:44:19'),
(19, 3, 170, 1, '2017-06-08 04:49:45', '2017-06-08 04:49:45'),
(23, 6, 171, 1, '2017-06-08 05:17:41', '2017-06-08 05:17:41'),
(26, 1, 126, 1, '2017-06-09 05:13:47', '2017-06-09 05:13:47'),
(27, 4, 189, 1, '2017-06-10 11:23:43', '2017-06-10 11:23:43'),
(28, 1, 189, 1, '2017-06-10 11:23:44', '2017-06-10 11:23:44'),
(29, 3, 189, 1, '2017-06-10 11:23:46', '2017-06-10 11:23:46'),
(30, 2, 189, 1, '2017-06-10 11:23:47', '2017-06-10 11:23:47'),
(31, 5, 189, 1, '2017-06-10 11:23:48', '2017-06-10 11:23:48'),
(32, 6, 190, 1, '2017-06-10 14:47:59', '2017-06-10 14:47:59'),
(33, 6, 190, 1, '2017-06-10 14:48:01', '2017-06-10 14:48:01'),
(34, 6, 190, 1, '2017-06-10 14:48:02', '2017-06-10 14:48:02'),
(35, 6, 190, 1, '2017-06-10 14:48:09', '2017-06-10 14:48:09'),
(36, 6, 190, 1, '2017-06-10 14:48:14', '2017-06-10 14:48:14'),
(37, 6, 190, 1, '2017-06-10 14:48:15', '2017-06-10 14:48:15'),
(38, 6, 190, 1, '2017-06-10 14:48:16', '2017-06-10 14:48:16'),
(39, 6, 189, 1, '2017-06-11 02:27:57', '2017-06-11 02:27:57'),
(40, 6, 81, 1, '2017-06-11 05:44:50', '2017-06-11 05:44:50'),
(41, 6, 197, 1, '2017-06-11 08:23:55', '2017-06-11 08:23:55'),
(42, 6, 197, 1, '2017-06-11 08:23:58', '2017-06-11 08:23:58'),
(43, 7, 189, 1, '2017-06-11 12:34:15', '2017-06-11 12:34:15'),
(44, 8, 189, 1, '2017-06-11 12:34:16', '2017-06-11 12:34:16'),
(45, 5, 213, 1, '2017-06-11 13:06:43', '2017-06-11 13:06:43'),
(46, 5, 213, 1, '2017-06-11 13:06:46', '2017-06-11 13:06:46'),
(47, 5, 213, 1, '2017-06-11 13:06:50', '2017-06-11 13:06:50'),
(48, 9, 213, 1, '2017-06-11 13:07:09', '2017-06-11 13:07:09'),
(49, 8, 213, 1, '2017-06-11 16:05:24', '2017-06-11 16:05:24'),
(50, 10, 213, 1, '2017-06-11 16:05:28', '2017-06-11 16:05:28'),
(51, 10, 213, 1, '2017-06-11 16:05:29', '2017-06-11 16:05:29'),
(52, 10, 213, 1, '2017-06-11 16:05:30', '2017-06-11 16:05:30'),
(53, 10, 213, 1, '2017-06-11 16:05:30', '2017-06-11 16:05:30'),
(54, 10, 213, 1, '2017-06-11 16:05:31', '2017-06-11 16:05:31'),
(55, 10, 199, 1, '2017-06-11 16:07:04', '2017-06-11 16:07:04'),
(56, 10, 199, 1, '2017-06-11 16:07:25', '2017-06-11 16:07:25'),
(57, 10, 199, 1, '2017-06-11 16:07:27', '2017-06-11 16:07:27'),
(58, 9, 199, 1, '2017-06-11 16:07:28', '2017-06-11 16:07:28'),
(59, 9, 199, 1, '2017-06-11 16:07:31', '2017-06-11 16:07:31'),
(60, 11, 213, 1, '2017-06-11 17:44:12', '2017-06-11 17:44:12'),
(61, 11, 213, 1, '2017-06-11 17:44:12', '2017-06-11 17:44:12'),
(62, 7, 213, 1, '2017-06-11 17:44:24', '2017-06-11 17:44:24'),
(63, 7, 213, 1, '2017-06-11 17:44:24', '2017-06-11 17:44:24'),
(64, 6, 215, 1, '2017-06-11 17:49:59', '2017-06-11 17:49:59'),
(65, 12, 215, 1, '2017-06-11 17:50:17', '2017-06-11 17:50:17'),
(66, 11, 215, 1, '2017-06-11 17:50:23', '2017-06-11 17:50:23'),
(67, 10, 215, 1, '2017-06-11 17:50:25', '2017-06-11 17:50:25'),
(68, 9, 215, 1, '2017-06-11 17:50:26', '2017-06-11 17:50:26'),
(69, 8, 215, 1, '2017-06-11 17:50:28', '2017-06-11 17:50:28'),
(70, 7, 215, 1, '2017-06-11 17:50:29', '2017-06-11 17:50:29'),
(71, 5, 215, 1, '2017-06-11 17:50:31', '2017-06-11 17:50:31'),
(72, 2, 215, 1, '2017-06-11 17:50:32', '2017-06-11 17:50:32'),
(73, 3, 215, 1, '2017-06-11 17:50:34', '2017-06-11 17:50:34'),
(74, 4, 215, 1, '2017-06-11 17:50:35', '2017-06-11 17:50:35'),
(75, 6, 215, 1, '2017-06-11 17:50:39', '2017-06-11 17:50:39'),
(76, 1, 215, 1, '2017-06-11 17:50:45', '2017-06-11 17:50:45'),
(77, 4, 218, 1, '2017-06-11 18:31:59', '2017-06-11 18:31:59'),
(78, 4, 218, 1, '2017-06-11 18:32:00', '2017-06-11 18:32:00'),
(79, 12, 218, 1, '2017-06-11 18:34:13', '2017-06-11 18:34:13'),
(80, 11, 218, 1, '2017-06-11 18:34:32', '2017-06-11 18:34:32'),
(93, 25, 184, 1, '2017-06-12 11:52:26', '2017-06-12 11:52:26'),
(83, 20, 220, 1, '2017-06-12 03:05:07', '2017-06-12 03:05:07'),
(84, 21, 220, 1, '2017-06-12 03:05:14', '2017-06-12 03:05:14'),
(85, 22, 239, 1, '2017-06-12 05:14:15', '2017-06-12 05:14:15'),
(86, 22, 239, 1, '2017-06-12 05:14:20', '2017-06-12 05:14:20'),
(87, 22, 239, 1, '2017-06-12 05:14:20', '2017-06-12 05:14:20'),
(88, 21, 239, 1, '2017-06-12 05:14:21', '2017-06-12 05:14:21'),
(89, 20, 239, 1, '2017-06-12 05:14:25', '2017-06-12 05:14:25'),
(90, 19, 239, 1, '2017-06-12 05:14:27', '2017-06-12 05:14:27'),
(91, 18, 239, 1, '2017-06-12 05:14:46', '2017-06-12 05:14:46'),
(135, 16, 239, 1, '2017-06-12 16:00:14', '2017-06-12 16:00:14'),
(94, 24, 184, 1, '2017-06-12 11:52:27', '2017-06-12 11:52:27'),
(95, 23, 184, 1, '2017-06-12 11:52:29', '2017-06-12 11:52:29'),
(96, 22, 184, 1, '2017-06-12 11:52:30', '2017-06-12 11:52:30'),
(97, 21, 249, 1, '2017-06-12 12:38:17', '2017-06-12 12:38:17'),
(98, 21, 249, 1, '2017-06-12 12:38:28', '2017-06-12 12:38:28'),
(99, 25, 118, 1, '2017-06-12 12:38:42', '2017-06-12 12:38:42'),
(100, 25, 249, 1, '2017-06-12 12:39:05', '2017-06-12 12:39:05'),
(101, 24, 249, 1, '2017-06-12 12:39:07', '2017-06-12 12:39:07'),
(102, 23, 249, 1, '2017-06-12 12:39:09', '2017-06-12 12:39:09'),
(103, 22, 249, 1, '2017-06-12 12:39:12', '2017-06-12 12:39:12'),
(104, 21, 249, 1, '2017-06-12 12:39:16', '2017-06-12 12:39:16'),
(105, 20, 249, 1, '2017-06-12 12:39:18', '2017-06-12 12:39:18'),
(106, 19, 249, 1, '2017-06-12 12:39:46', '2017-06-12 12:39:46'),
(107, 18, 249, 1, '2017-06-12 12:39:48', '2017-06-12 12:39:48'),
(108, 17, 249, 1, '2017-06-12 12:40:35', '2017-06-12 12:40:35'),
(109, 16, 249, 1, '2017-06-12 12:40:43', '2017-06-12 12:40:43'),
(110, 15, 249, 1, '2017-06-12 12:41:08', '2017-06-12 12:41:08'),
(111, 14, 249, 1, '2017-06-12 12:41:21', '2017-06-12 12:41:21'),
(112, 13, 249, 1, '2017-06-12 12:41:34', '2017-06-12 12:41:34'),
(113, 25, 229, 1, '2017-06-12 12:41:37', '2017-06-12 12:41:37'),
(114, 25, 229, 1, '2017-06-12 12:41:39', '2017-06-12 12:41:39'),
(115, 12, 249, 1, '2017-06-12 12:41:45', '2017-06-12 12:41:45'),
(116, 11, 249, 1, '2017-06-12 12:42:32', '2017-06-12 12:42:32'),
(117, 10, 249, 1, '2017-06-12 12:43:20', '2017-06-12 12:43:20'),
(118, 9, 249, 1, '2017-06-12 12:43:29', '2017-06-12 12:43:29'),
(119, 8, 249, 1, '2017-06-12 12:43:41', '2017-06-12 12:43:41'),
(120, 7, 249, 1, '2017-06-12 12:43:54', '2017-06-12 12:43:54'),
(121, 6, 249, 1, '2017-06-12 12:44:13', '2017-06-12 12:44:13'),
(122, 5, 249, 1, '2017-06-12 12:44:19', '2017-06-12 12:44:19'),
(123, 2, 249, 1, '2017-06-12 12:44:25', '2017-06-12 12:44:25'),
(124, 3, 249, 1, '2017-06-12 12:44:28', '2017-06-12 12:44:28'),
(125, 4, 249, 1, '2017-06-12 12:44:31', '2017-06-12 12:44:31'),
(126, 1, 249, 1, '2017-06-12 12:44:37', '2017-06-12 12:44:37'),
(127, 21, 118, 1, '2017-06-12 12:45:56', '2017-06-12 12:45:56'),
(128, 14, 220, 1, '2017-06-12 13:58:15', '2017-06-12 13:58:15'),
(129, 14, 220, 1, '2017-06-12 13:58:18', '2017-06-12 13:58:18'),
(130, 27, 231, 1, '2017-06-12 15:22:56', '2017-06-12 15:22:56'),
(131, 26, 231, 1, '2017-06-12 15:23:01', '2017-06-12 15:23:01'),
(132, 27, 239, 1, '2017-06-12 15:45:40', '2017-06-12 15:45:40'),
(133, 26, 239, 1, '2017-06-12 15:45:44', '2017-06-12 15:45:44'),
(134, 28, 239, 1, '2017-06-12 15:59:41', '2017-06-12 15:59:41'),
(136, 14, 239, 1, '2017-06-12 16:00:19', '2017-06-12 16:00:19'),
(137, 1, 239, 1, '2017-06-12 16:00:32', '2017-06-12 16:00:32'),
(138, 4, 239, 1, '2017-06-12 16:00:33', '2017-06-12 16:00:33'),
(139, 6, 255, 1, '2017-06-12 17:29:18', '2017-06-12 17:29:18'),
(140, 6, 255, 1, '2017-06-12 17:29:33', '2017-06-12 17:29:33'),
(141, 32, 256, 1, '2017-06-12 18:53:27', '2017-06-12 18:53:27'),
(142, 31, 256, 1, '2017-06-12 18:53:31', '2017-06-12 18:53:31'),
(143, 30, 256, 1, '2017-06-12 18:53:37', '2017-06-12 18:53:37'),
(144, 29, 256, 1, '2017-06-12 18:53:53', '2017-06-12 18:53:53'),
(145, 28, 256, 1, '2017-06-12 18:54:06', '2017-06-12 18:54:06'),
(146, 28, 256, 1, '2017-06-12 18:54:11', '2017-06-12 18:54:11'),
(147, 28, 256, 1, '2017-06-12 18:54:14', '2017-06-12 18:54:14'),
(148, 27, 256, 1, '2017-06-12 18:54:20', '2017-06-12 18:54:20'),
(149, 26, 256, 1, '2017-06-12 18:54:26', '2017-06-12 18:54:26'),
(150, 25, 256, 1, '2017-06-12 18:54:35', '2017-06-12 18:54:35'),
(151, 24, 256, 1, '2017-06-12 18:54:41', '2017-06-12 18:54:41'),
(152, 23, 256, 1, '2017-06-12 18:54:49', '2017-06-12 18:54:49'),
(153, 22, 256, 1, '2017-06-12 18:54:54', '2017-06-12 18:54:54'),
(154, 21, 256, 1, '2017-06-12 18:55:00', '2017-06-12 18:55:00'),
(155, 20, 256, 1, '2017-06-12 18:55:04', '2017-06-12 18:55:04'),
(156, 19, 256, 1, '2017-06-12 18:55:07', '2017-06-12 18:55:07'),
(157, 18, 256, 1, '2017-06-12 18:55:27', '2017-06-12 18:55:27'),
(158, 17, 256, 1, '2017-06-12 18:55:34', '2017-06-12 18:55:34'),
(159, 16, 256, 1, '2017-06-12 18:55:39', '2017-06-12 18:55:39'),
(160, 15, 256, 1, '2017-06-12 18:55:48', '2017-06-12 18:55:48'),
(161, 14, 256, 1, '2017-06-12 18:56:01', '2017-06-12 18:56:01'),
(162, 13, 256, 1, '2017-06-12 18:56:02', '2017-06-12 18:56:02'),
(163, 12, 256, 1, '2017-06-12 18:56:05', '2017-06-12 18:56:05'),
(164, 11, 256, 1, '2017-06-12 18:56:08', '2017-06-12 18:56:08'),
(165, 10, 256, 1, '2017-06-12 18:56:21', '2017-06-12 18:56:21'),
(166, 9, 256, 1, '2017-06-12 18:56:28', '2017-06-12 18:56:28'),
(167, 8, 256, 1, '2017-06-12 18:56:30', '2017-06-12 18:56:30'),
(168, 7, 256, 1, '2017-06-12 18:56:34', '2017-06-12 18:56:34'),
(169, 5, 256, 1, '2017-06-12 18:56:39', '2017-06-12 18:56:39'),
(170, 6, 256, 1, '2017-06-12 18:56:41', '2017-06-12 18:56:41'),
(171, 2, 256, 1, '2017-06-12 18:56:44', '2017-06-12 18:56:44'),
(172, 3, 256, 1, '2017-06-12 18:56:46', '2017-06-12 18:56:46'),
(173, 4, 256, 1, '2017-06-12 18:56:49', '2017-06-12 18:56:49'),
(174, 1, 256, 1, '2017-06-12 18:56:50', '2017-06-12 18:56:50'),
(175, 26, 229, 1, '2017-06-12 19:54:16', '2017-06-12 19:54:16'),
(176, 22, 229, 1, '2017-06-12 19:54:36', '2017-06-12 19:54:36'),
(177, 18, 257, 1, '2017-06-12 20:07:18', '2017-06-12 20:07:18'),
(178, 18, 257, 1, '2017-06-12 20:07:21', '2017-06-12 20:07:21'),
(179, 10, 258, 1, '2017-06-12 21:43:53', '2017-06-12 21:43:53'),
(180, 10, 258, 1, '2017-06-12 21:43:54', '2017-06-12 21:43:54'),
(181, 19, 258, 1, '2017-06-12 21:44:39', '2017-06-12 21:44:39'),
(182, 28, 258, 1, '2017-06-12 21:45:22', '2017-06-12 21:45:22'),
(183, 33, 215, 1, '2017-06-12 22:20:42', '2017-06-12 22:20:42'),
(184, 31, 215, 1, '2017-06-12 22:20:52', '2017-06-12 22:20:52'),
(185, 32, 215, 1, '2017-06-12 22:20:53', '2017-06-12 22:20:53'),
(186, 30, 215, 1, '2017-06-12 22:21:01', '2017-06-12 22:21:01'),
(187, 29, 215, 1, '2017-06-12 22:21:07', '2017-06-12 22:21:07'),
(188, 28, 215, 1, '2017-06-12 22:21:14', '2017-06-12 22:21:14'),
(189, 27, 215, 1, '2017-06-12 22:21:18', '2017-06-12 22:21:18'),
(190, 26, 215, 1, '2017-06-12 22:21:21', '2017-06-12 22:21:21'),
(191, 25, 215, 1, '2017-06-12 22:21:22', '2017-06-12 22:21:22'),
(192, 24, 215, 1, '2017-06-12 22:21:24', '2017-06-12 22:21:24'),
(193, 23, 215, 1, '2017-06-12 22:21:25', '2017-06-12 22:21:25'),
(194, 22, 215, 1, '2017-06-12 22:21:28', '2017-06-12 22:21:28'),
(195, 21, 215, 1, '2017-06-12 22:21:29', '2017-06-12 22:21:29'),
(196, 20, 215, 1, '2017-06-12 22:21:31', '2017-06-12 22:21:31'),
(197, 19, 215, 1, '2017-06-12 22:21:34', '2017-06-12 22:21:34'),
(198, 18, 215, 1, '2017-06-12 22:21:36', '2017-06-12 22:21:36'),
(199, 17, 215, 1, '2017-06-12 22:21:37', '2017-06-12 22:21:37'),
(200, 16, 215, 1, '2017-06-12 22:21:41', '2017-06-12 22:21:41'),
(201, 15, 215, 1, '2017-06-12 22:21:43', '2017-06-12 22:21:43'),
(202, 14, 215, 1, '2017-06-12 22:21:43', '2017-06-12 22:21:43'),
(203, 13, 215, 1, '2017-06-12 22:21:49', '2017-06-12 22:21:49'),
(310, 44, 215, 1, '2017-06-13 23:08:57', '2017-06-13 23:08:57'),
(309, 33, 260, 1, '2017-06-13 20:35:14', '2017-06-13 20:35:14'),
(206, 28, 260, 1, '2017-06-12 23:24:53', '2017-06-12 23:24:53'),
(207, 26, 260, 1, '2017-06-12 23:25:01', '2017-06-12 23:25:01'),
(208, 24, 260, 1, '2017-06-12 23:25:10', '2017-06-12 23:25:10'),
(209, 23, 260, 1, '2017-06-12 23:25:16', '2017-06-12 23:25:16'),
(210, 22, 260, 1, '2017-06-12 23:25:19', '2017-06-12 23:25:19'),
(211, 18, 260, 1, '2017-06-12 23:25:37', '2017-06-12 23:25:37'),
(212, 10, 260, 1, '2017-06-12 23:26:02', '2017-06-12 23:26:02'),
(213, 33, 229, 1, '2017-06-13 03:26:41', '2017-06-13 03:26:41'),
(214, 21, 229, 1, '2017-06-13 03:27:02', '2017-06-13 03:27:02'),
(215, 20, 229, 1, '2017-06-13 03:27:05', '2017-06-13 03:27:05'),
(216, 18, 229, 1, '2017-06-13 03:27:09', '2017-06-13 03:27:09'),
(217, 12, 229, 1, '2017-06-13 03:27:23', '2017-06-13 03:27:23'),
(218, 11, 229, 1, '2017-06-13 03:27:25', '2017-06-13 03:27:25'),
(219, 2, 229, 1, '2017-06-13 03:27:36', '2017-06-13 03:27:36'),
(220, 35, 62, 1, '2017-06-13 07:25:35', '2017-06-13 07:25:35'),
(221, 16, 62, 1, '2017-06-13 07:31:04', '2017-06-13 07:31:04'),
(222, 15, 62, 1, '2017-06-13 07:31:13', '2017-06-13 07:31:13'),
(223, 14, 62, 1, '2017-06-13 07:31:17', '2017-06-13 07:31:17'),
(224, 13, 62, 1, '2017-06-13 07:31:20', '2017-06-13 07:31:20'),
(225, 11, 62, 1, '2017-06-13 07:31:33', '2017-06-13 07:31:33'),
(226, 12, 62, 1, '2017-06-13 07:31:33', '2017-06-13 07:31:33'),
(227, 10, 62, 1, '2017-06-13 07:31:55', '2017-06-13 07:31:55'),
(228, 9, 62, 1, '2017-06-13 07:32:09', '2017-06-13 07:32:09'),
(229, 8, 62, 1, '2017-06-13 07:32:12', '2017-06-13 07:32:12'),
(230, 7, 62, 1, '2017-06-13 07:32:16', '2017-06-13 07:32:16'),
(231, 17, 62, 1, '2017-06-13 07:32:43', '2017-06-13 07:32:43'),
(232, 18, 62, 1, '2017-06-13 07:32:58', '2017-06-13 07:32:58'),
(233, 19, 62, 1, '2017-06-13 07:33:15', '2017-06-13 07:33:15'),
(234, 20, 62, 1, '2017-06-13 07:33:22', '2017-06-13 07:33:22'),
(235, 21, 62, 1, '2017-06-13 07:33:34', '2017-06-13 07:33:34'),
(236, 22, 62, 1, '2017-06-13 07:33:39', '2017-06-13 07:33:39'),
(237, 23, 62, 1, '2017-06-13 07:33:48', '2017-06-13 07:33:48'),
(238, 24, 62, 1, '2017-06-13 07:33:51', '2017-06-13 07:33:51'),
(239, 28, 62, 1, '2017-06-13 07:34:18', '2017-06-13 07:34:18'),
(240, 37, 62, 1, '2017-06-13 07:56:41', '2017-06-13 07:56:41'),
(241, 36, 62, 1, '2017-06-13 07:56:46', '2017-06-13 07:56:46'),
(242, 34, 62, 1, '2017-06-13 07:57:01', '2017-06-13 07:57:01'),
(243, 33, 62, 1, '2017-06-13 07:57:16', '2017-06-13 07:57:16'),
(244, 31, 62, 1, '2017-06-13 07:57:26', '2017-06-13 07:57:26'),
(245, 30, 62, 1, '2017-06-13 07:57:26', '2017-06-13 07:57:26'),
(246, 40, 263, 1, '2017-06-13 08:45:57', '2017-06-13 08:45:57'),
(247, 38, 263, 1, '2017-06-13 08:46:10', '2017-06-13 08:46:10'),
(248, 40, 267, 1, '2017-06-13 08:51:22', '2017-06-13 08:51:22'),
(249, 41, 249, 1, '2017-06-13 12:53:50', '2017-06-13 12:53:50'),
(250, 40, 249, 1, '2017-06-13 12:53:56', '2017-06-13 12:53:56'),
(251, 39, 249, 1, '2017-06-13 12:54:06', '2017-06-13 12:54:06'),
(252, 38, 249, 1, '2017-06-13 12:54:12', '2017-06-13 12:54:12'),
(253, 37, 249, 1, '2017-06-13 12:55:22', '2017-06-13 12:55:22'),
(254, 36, 249, 1, '2017-06-13 12:55:27', '2017-06-13 12:55:27'),
(255, 35, 249, 1, '2017-06-13 12:55:30', '2017-06-13 12:55:30'),
(256, 34, 249, 1, '2017-06-13 12:55:32', '2017-06-13 12:55:32'),
(257, 33, 249, 1, '2017-06-13 12:55:34', '2017-06-13 12:55:34'),
(258, 32, 249, 1, '2017-06-13 12:55:40', '2017-06-13 12:55:40'),
(259, 31, 249, 1, '2017-06-13 12:55:40', '2017-06-13 12:55:40'),
(260, 30, 249, 1, '2017-06-13 12:55:48', '2017-06-13 12:55:48'),
(261, 29, 249, 1, '2017-06-13 12:55:51', '2017-06-13 12:55:51'),
(262, 28, 249, 1, '2017-06-13 12:55:52', '2017-06-13 12:55:52'),
(263, 27, 249, 1, '2017-06-13 12:55:54', '2017-06-13 12:55:54'),
(264, 26, 249, 1, '2017-06-13 12:55:56', '2017-06-13 12:55:56'),
(265, 35, 239, 1, '2017-06-13 14:29:45', '2017-06-13 14:29:45'),
(266, 41, 275, 1, '2017-06-13 14:54:23', '2017-06-13 14:54:23'),
(267, 40, 275, 1, '2017-06-13 14:54:27', '2017-06-13 14:54:27'),
(268, 36, 275, 1, '2017-06-13 14:54:44', '2017-06-13 14:54:44'),
(269, 33, 275, 1, '2017-06-13 14:55:11', '2017-06-13 14:55:11'),
(270, 38, 208, 1, '2017-06-13 15:21:25', '2017-06-13 15:21:25'),
(271, 38, 208, 1, '2017-06-13 15:21:30', '2017-06-13 15:21:30'),
(272, 38, 208, 1, '2017-06-13 15:21:31', '2017-06-13 15:21:31'),
(273, 37, 208, 1, '2017-06-13 15:21:34', '2017-06-13 15:21:34'),
(274, 41, 213, 1, '2017-06-13 15:49:21', '2017-06-13 15:49:21'),
(275, 40, 213, 1, '2017-06-13 15:49:23', '2017-06-13 15:49:23'),
(276, 39, 213, 1, '2017-06-13 15:49:42', '2017-06-13 15:49:42'),
(277, 38, 213, 1, '2017-06-13 15:49:45', '2017-06-13 15:49:45'),
(278, 37, 213, 1, '2017-06-13 15:49:54', '2017-06-13 15:49:54'),
(279, 36, 213, 1, '2017-06-13 15:50:11', '2017-06-13 15:50:11'),
(280, 35, 213, 1, '2017-06-13 15:50:13', '2017-06-13 15:50:13'),
(281, 34, 213, 1, '2017-06-13 15:50:19', '2017-06-13 15:50:19'),
(282, 33, 213, 1, '2017-06-13 15:50:21', '2017-06-13 15:50:21'),
(283, 32, 213, 1, '2017-06-13 15:50:23', '2017-06-13 15:50:23'),
(284, 31, 213, 1, '2017-06-13 15:50:24', '2017-06-13 15:50:24'),
(285, 29, 213, 1, '2017-06-13 15:50:36', '2017-06-13 15:50:36'),
(286, 28, 213, 1, '2017-06-13 15:50:40', '2017-06-13 15:50:40'),
(287, 27, 213, 1, '2017-06-13 15:50:44', '2017-06-13 15:50:44'),
(288, 26, 213, 1, '2017-06-13 15:50:45', '2017-06-13 15:50:45'),
(289, 25, 213, 1, '2017-06-13 15:50:51', '2017-06-13 15:50:51'),
(290, 24, 213, 1, '2017-06-13 15:51:00', '2017-06-13 15:51:00'),
(291, 23, 213, 1, '2017-06-13 15:51:06', '2017-06-13 15:51:06'),
(292, 22, 213, 1, '2017-06-13 15:51:07', '2017-06-13 15:51:07'),
(293, 21, 213, 1, '2017-06-13 15:51:13', '2017-06-13 15:51:13'),
(294, 20, 213, 1, '2017-06-13 15:51:17', '2017-06-13 15:51:17'),
(295, 20, 213, 1, '2017-06-13 15:51:17', '2017-06-13 15:51:17'),
(296, 20, 213, 1, '2017-06-13 15:51:22', '2017-06-13 15:51:22'),
(297, 19, 213, 1, '2017-06-13 15:51:24', '2017-06-13 15:51:24'),
(298, 18, 213, 1, '2017-06-13 15:51:26', '2017-06-13 15:51:26'),
(299, 17, 213, 1, '2017-06-13 15:51:30', '2017-06-13 15:51:30'),
(300, 16, 213, 1, '2017-06-13 15:51:32', '2017-06-13 15:51:32'),
(301, 15, 213, 1, '2017-06-13 15:51:34', '2017-06-13 15:51:34'),
(302, 12, 213, 1, '2017-06-13 15:51:45', '2017-06-13 15:51:45'),
(303, 14, 213, 1, '2017-06-13 15:51:49', '2017-06-13 15:51:49'),
(304, 13, 213, 1, '2017-06-13 15:51:50', '2017-06-13 15:51:50'),
(305, 2, 213, 1, '2017-06-13 15:52:04', '2017-06-13 15:52:04'),
(306, 42, 249, 1, '2017-06-13 16:41:57', '2017-06-13 16:41:57'),
(307, 36, 260, 1, '2017-06-13 20:34:43', '2017-06-13 20:34:43'),
(308, 35, 260, 1, '2017-06-13 20:34:51', '2017-06-13 20:34:51'),
(311, 43, 215, 1, '2017-06-13 23:08:59', '2017-06-13 23:08:59'),
(312, 42, 215, 1, '2017-06-13 23:09:00', '2017-06-13 23:09:00'),
(313, 41, 215, 1, '2017-06-13 23:09:02', '2017-06-13 23:09:02'),
(314, 40, 215, 1, '2017-06-13 23:09:03', '2017-06-13 23:09:03'),
(315, 39, 215, 1, '2017-06-13 23:09:10', '2017-06-13 23:09:10'),
(316, 38, 215, 1, '2017-06-13 23:09:11', '2017-06-13 23:09:11'),
(317, 37, 215, 1, '2017-06-13 23:09:15', '2017-06-13 23:09:15'),
(318, 36, 215, 1, '2017-06-13 23:09:16', '2017-06-13 23:09:16'),
(319, 35, 215, 1, '2017-06-13 23:09:18', '2017-06-13 23:09:18'),
(320, 34, 215, 1, '2017-06-13 23:09:23', '2017-06-13 23:09:23'),
(321, 36, 220, 1, '2017-06-14 06:11:06', '2017-06-14 06:11:06'),
(322, 27, 218, 1, '2017-06-14 06:57:43', '2017-06-14 06:57:43'),
(323, 28, 218, 1, '2017-06-14 06:57:48', '2017-06-14 06:57:48'),
(324, 26, 218, 1, '2017-06-14 06:57:57', '2017-06-14 06:57:57'),
(325, 24, 218, 1, '2017-06-14 06:58:06', '2017-06-14 06:58:06'),
(326, 23, 218, 1, '2017-06-14 06:58:12', '2017-06-14 06:58:12'),
(327, 45, 149, 1, '2017-06-14 12:29:27', '2017-06-14 12:29:27'),
(328, 45, 149, 1, '2017-06-14 12:29:28', '2017-06-14 12:29:28'),
(329, 45, 149, 1, '2017-06-14 12:29:31', '2017-06-14 12:29:31'),
(330, 45, 149, 1, '2017-06-14 12:29:31', '2017-06-14 12:29:31'),
(331, 45, 149, 1, '2017-06-14 12:29:32', '2017-06-14 12:29:32'),
(358, 41, 254, 1, '2017-06-15 08:22:56', '2017-06-15 08:22:56'),
(357, 41, 254, 1, '2017-06-15 08:22:51', '2017-06-15 08:22:51'),
(419, 55, 249, 1, '2017-06-19 02:41:33', '2017-06-19 02:41:33'),
(335, 44, 249, 1, '2017-06-14 15:33:22', '2017-06-14 15:33:22'),
(359, 46, 215, 1, '2017-06-15 13:11:16', '2017-06-15 13:11:16'),
(337, 24, 243, 1, '2017-06-14 21:08:25', '2017-06-14 21:08:25'),
(338, 45, 243, 1, '2017-06-14 21:08:57', '2017-06-14 21:08:57'),
(339, 44, 243, 1, '2017-06-14 21:14:06', '2017-06-14 21:14:06'),
(340, 41, 243, 1, '2017-06-14 21:15:01', '2017-06-14 21:15:01'),
(341, 40, 243, 1, '2017-06-14 21:15:06', '2017-06-14 21:15:06'),
(342, 38, 243, 1, '2017-06-14 21:15:43', '2017-06-14 21:15:43'),
(343, 37, 243, 1, '2017-06-14 21:16:07', '2017-06-14 21:16:07'),
(344, 36, 243, 1, '2017-06-14 21:16:18', '2017-06-14 21:16:18'),
(345, 35, 243, 1, '2017-06-14 21:16:31', '2017-06-14 21:16:31'),
(346, 34, 243, 1, '2017-06-14 21:17:10', '2017-06-14 21:17:10'),
(347, 33, 243, 1, '2017-06-14 21:17:15', '2017-06-14 21:17:15'),
(348, 32, 243, 1, '2017-06-14 21:17:28', '2017-06-14 21:17:28'),
(349, 31, 243, 1, '2017-06-14 21:17:35', '2017-06-14 21:17:35'),
(350, 29, 243, 1, '2017-06-14 21:17:57', '2017-06-14 21:17:57'),
(351, 28, 243, 1, '2017-06-14 21:18:13', '2017-06-14 21:18:13'),
(352, 27, 243, 1, '2017-06-14 21:18:19', '2017-06-14 21:18:19'),
(353, 26, 243, 1, '2017-06-14 21:18:25', '2017-06-14 21:18:25'),
(354, 23, 243, 1, '2017-06-14 21:18:45', '2017-06-14 21:18:45'),
(355, 22, 243, 1, '2017-06-14 21:18:52', '2017-06-14 21:18:52'),
(356, 21, 243, 1, '2017-06-14 21:19:01', '2017-06-14 21:19:01'),
(360, 45, 215, 1, '2017-06-15 13:11:28', '2017-06-15 13:11:28'),
(361, 47, 215, 1, '2017-06-15 13:15:23', '2017-06-15 13:15:23'),
(362, 48, 215, 1, '2017-06-15 13:19:15', '2017-06-15 13:19:15'),
(363, 40, 258, 1, '2017-06-15 13:44:11', '2017-06-15 13:44:11'),
(364, 36, 258, 1, '2017-06-15 13:44:31', '2017-06-15 13:44:31'),
(365, 48, 249, 1, '2017-06-15 14:20:04', '2017-06-15 14:20:04'),
(366, 49, 249, 1, '2017-06-15 14:20:11', '2017-06-15 14:20:11'),
(367, 10, 251, 1, '2017-06-15 14:44:21', '2017-06-15 14:44:21'),
(368, 9, 251, 1, '2017-06-15 14:44:32', '2017-06-15 14:44:32'),
(369, 40, 218, 1, '2017-06-15 17:51:39', '2017-06-15 17:51:39'),
(370, 51, 258, 1, '2017-06-15 20:30:41', '2017-06-15 20:30:41'),
(371, 50, 258, 1, '2017-06-15 20:30:42', '2017-06-15 20:30:42'),
(372, 48, 258, 1, '2017-06-15 20:30:49', '2017-06-15 20:30:49'),
(373, 47, 258, 1, '2017-06-15 20:30:52', '2017-06-15 20:30:52'),
(374, 45, 258, 1, '2017-06-15 20:30:59', '2017-06-15 20:30:59'),
(375, 44, 258, 1, '2017-06-15 20:31:07', '2017-06-15 20:31:07'),
(376, 43, 258, 1, '2017-06-15 20:31:17', '2017-06-15 20:31:17'),
(377, 41, 258, 1, '2017-06-15 20:31:29', '2017-06-15 20:31:29'),
(378, 35, 258, 1, '2017-06-15 20:31:52', '2017-06-15 20:31:52'),
(379, 33, 258, 1, '2017-06-15 20:32:01', '2017-06-15 20:32:01'),
(380, 32, 258, 1, '2017-06-15 20:32:05', '2017-06-15 20:32:05'),
(381, 31, 258, 1, '2017-06-15 20:32:07', '2017-06-15 20:32:07'),
(382, 29, 258, 1, '2017-06-15 20:32:14', '2017-06-15 20:32:14'),
(383, 27, 258, 1, '2017-06-15 20:32:19', '2017-06-15 20:32:19'),
(384, 26, 258, 1, '2017-06-15 20:32:24', '2017-06-15 20:32:24'),
(385, 24, 258, 1, '2017-06-15 20:32:33', '2017-06-15 20:32:33'),
(386, 12, 258, 1, '2017-06-15 20:32:52', '2017-06-15 20:32:52'),
(387, 11, 258, 1, '2017-06-15 20:32:53', '2017-06-15 20:32:53'),
(388, 51, 220, 1, '2017-06-16 03:03:55', '2017-06-16 03:03:55'),
(389, 50, 220, 1, '2017-06-16 03:03:59', '2017-06-16 03:03:59'),
(416, 56, 249, 1, '2017-06-18 12:53:44', '2017-06-18 12:53:44'),
(391, 51, 249, 1, '2017-06-16 04:29:47', '2017-06-16 04:29:47'),
(392, 52, 249, 1, '2017-06-16 04:44:38', '2017-06-16 04:44:38'),
(393, 47, 249, 1, '2017-06-16 04:46:24', '2017-06-16 04:46:24'),
(394, 46, 249, 1, '2017-06-16 04:46:25', '2017-06-16 04:46:25'),
(395, 45, 249, 1, '2017-06-16 04:46:28', '2017-06-16 04:46:28'),
(396, 53, 249, 1, '2017-06-17 02:44:22', '2017-06-17 02:44:22'),
(397, 54, 250, 1, '2017-06-17 07:42:01', '2017-06-17 07:42:01'),
(398, 53, 250, 1, '2017-06-17 07:42:01', '2017-06-17 07:42:01'),
(399, 52, 250, 1, '2017-06-17 07:42:04', '2017-06-17 07:42:04'),
(400, 51, 250, 1, '2017-06-17 07:42:06', '2017-06-17 07:42:06'),
(401, 50, 250, 1, '2017-06-17 07:42:07', '2017-06-17 07:42:07'),
(402, 49, 250, 1, '2017-06-17 07:42:09', '2017-06-17 07:42:09'),
(403, 49, 250, 1, '2017-06-17 07:42:16', '2017-06-17 07:42:16'),
(404, 49, 250, 1, '2017-06-17 07:42:19', '2017-06-17 07:42:19'),
(405, 47, 250, 1, '2017-06-17 07:42:23', '2017-06-17 07:42:23'),
(406, 48, 250, 1, '2017-06-17 07:42:24', '2017-06-17 07:42:24'),
(407, 46, 250, 1, '2017-06-17 07:42:26', '2017-06-17 07:42:26'),
(408, 45, 250, 1, '2017-06-17 07:42:29', '2017-06-17 07:42:29'),
(409, 44, 250, 1, '2017-06-17 07:42:30', '2017-06-17 07:42:30'),
(410, 43, 250, 1, '2017-06-17 07:42:34', '2017-06-17 07:42:34'),
(414, 56, 249, 1, '2017-06-18 12:53:41', '2017-06-18 12:53:41'),
(412, 54, 249, 1, '2017-06-17 22:31:12', '2017-06-17 22:31:12'),
(415, 56, 249, 1, '2017-06-18 12:53:43', '2017-06-18 12:53:43'),
(417, 56, 249, 1, '2017-06-18 12:53:45', '2017-06-18 12:53:45'),
(418, 56, 249, 1, '2017-06-18 12:53:51', '2017-06-18 12:53:51'),
(420, 55, 249, 1, '2017-06-19 02:41:33', '2017-06-19 02:41:33'),
(421, 57, 249, 1, '2017-06-19 03:04:22', '2017-06-19 03:04:22'),
(422, 56, 256, 1, '2017-06-19 06:24:47', '2017-06-19 06:24:47'),
(423, 57, 256, 1, '2017-06-19 06:24:55', '2017-06-19 06:24:55'),
(424, 58, 249, 1, '2017-06-20 12:26:02', '2017-06-20 12:26:02'),
(425, 61, 249, 1, '2017-06-21 06:31:30', '2017-06-21 06:31:30'),
(426, 61, 118, 1, '2017-06-21 11:38:40', '2017-06-21 11:38:40'),
(427, 60, 118, 1, '2017-06-21 12:29:26', '2017-06-21 12:29:26'),
(428, 59, 118, 1, '2017-06-21 12:29:30', '2017-06-21 12:29:30'),
(429, 58, 118, 1, '2017-06-21 12:29:31', '2017-06-21 12:29:31'),
(430, 57, 118, 1, '2017-06-21 12:29:33', '2017-06-21 12:29:33'),
(431, 56, 118, 1, '2017-06-21 12:29:34', '2017-06-21 12:29:34'),
(432, 55, 118, 1, '2017-06-21 12:29:36', '2017-06-21 12:29:36'),
(433, 54, 118, 1, '2017-06-21 12:29:39', '2017-06-21 12:29:39'),
(434, 53, 118, 1, '2017-06-21 12:29:39', '2017-06-21 12:29:39'),
(435, 52, 118, 1, '2017-06-21 12:29:40', '2017-06-21 12:29:40'),
(436, 51, 118, 1, '2017-06-21 12:29:41', '2017-06-21 12:29:41'),
(437, 50, 118, 1, '2017-06-21 12:29:43', '2017-06-21 12:29:43'),
(438, 49, 118, 1, '2017-06-21 12:29:45', '2017-06-21 12:29:45'),
(439, 60, 250, 1, '2017-06-21 12:54:07', '2017-06-21 12:54:07'),
(440, 61, 250, 1, '2017-06-21 12:54:09', '2017-06-21 12:54:09'),
(441, 58, 250, 1, '2017-06-21 12:54:12', '2017-06-21 12:54:12'),
(442, 57, 250, 1, '2017-06-21 12:54:13', '2017-06-21 12:54:13'),
(443, 56, 250, 1, '2017-06-21 12:54:16', '2017-06-21 12:54:16'),
(444, 61, 250, 1, '2017-06-21 12:54:33', '2017-06-21 12:54:33'),
(445, 61, 250, 1, '2017-06-21 12:54:34', '2017-06-21 12:54:34'),
(446, 62, 249, 1, '2017-06-22 02:54:54', '2017-06-22 02:54:54');

-- --------------------------------------------------------

--
-- Table structure for table `login`
--

CREATE TABLE `login` (
  `UserId` int(11) NOT NULL,
  `UserName` varchar(50) NOT NULL,
  `UserPassword` varchar(50) NOT NULL,
  `UserType` varchar(50) NOT NULL
) COMMENT='11';

--
-- Dumping data for table `login`
--

INSERT INTO `login` (`UserId`, `UserName`, `UserPassword`, `UserType`) VALUES
(1, 'admin@admin.com', 'admin', 'admin'),
(2, 'username1', 'userpassword1', 'user'),
(3, 'usersss', 'passweed', 'user'),
(4, 'wdhv', 'jh', 'user');

-- --------------------------------------------------------

--
-- Table structure for table `notification`
--

CREATE TABLE `notification` (
  `NotificationId` int(11) NOT NULL,
  `AdminNotifications` varchar(300) NOT NULL,
  `CreatedOn` datetime NOT NULL
) ENGINE=InnoDB DEFAULT CHARSET=utf8;

--
-- Dumping data for table `notification`
--

INSERT INTO `notification` (`NotificationId`, `AdminNotifications`, `CreatedOn`) VALUES
(2, 'Prayer starts at 7 in the evening on 20-7 -16', '2017-05-10 03:04:15'),
(3, 'Prayer notification at anytime', '2017-06-19 08:22:35'),
(4, 'ഈശോയുടെ തിരുഹൃദയത്തിന്റെ വണക്കമാസം: 2017 ജൂണ്‍ 20.', '2017-06-19 23:44:53'),
(5, 'പരിശുദ്ധാതമാഭിഷേക ധ്യാനം (July 10 - 15). TIME 10 ', '2017-06-19 23:47:56'),
(6, 'ആന്തരിക ശാരീരിക സൗഖ്യ ധ്യാനം, July 17 - 27, 12 (Monday) - 16 (Friday) UTC+05:30', '2017-06-19 23:52:49'),
(7, 'ദമ്പതി ധ്യാനം, July 24 -29 , 24 (Monday) - 29 (Saturday) UTC+05:30, LOCATION IMS DHYANA BHAVAN Alappuzha , Kerala , India', '2017-06-19 23:58:32'),
(8, '<img class="alignnone size-medium wp-image-13273" src="http://imsamma.com/wp-content/uploads/2016/10/20ju-300x300.jpg" alt="" width="300" height="300" />', '2017-06-20 03:52:00'),
(12, 'ntify', '2017-07-04 09:09:45'),
(13, 'testing the notification', '2017-07-28 06:31:55'),
(14, 'send', '2017-07-28 06:35:10'),
(15, 'mnsbad', '2017-08-24 08:52:29'),
(16, 'knsjnlnlw', '2017-08-24 08:52:41');

-- --------------------------------------------------------

--
-- Table structure for table `prayercount`
--

CREATE TABLE `prayercount` (
  `PrayerCountId` int(10) NOT NULL,
  `UserId` int(11) NOT NULL,
  `PrayerCount` int(11) NOT NULL,
  `CreatedOn` datetime NOT NULL,
  `UpdatedOn` datetime NOT NULL
) ENGINE=MyISAM DEFAULT CHARSET=latin1;

--
-- Dumping data for table `prayercount`
--

INSERT INTO `prayercount` (`PrayerCountId`, `UserId`, `PrayerCount`, `CreatedOn`, `UpdatedOn`) VALUES
(1, 1, 4, '0000-00-00 00:00:00', '2017-06-28 06:00:04'),
(3, 2, 5, '2017-06-28 06:10:42', '2017-06-28 06:11:00'),
(4, 170, 1, '2017-06-28 06:15:12', '2017-06-28 06:15:12'),
(5, 282, 2, '2017-06-28 06:19:28', '2017-06-28 06:22:24');

-- --------------------------------------------------------

--
-- Table structure for table `prayerrequest`
--

CREATE TABLE `prayerrequest` (
  `PrayerRequestId` int(11) NOT NULL,
  `UserId` int(11) NOT NULL,
  `UserName` varchar(50) NOT NULL,
  `UserEmailAddress` varchar(50) DEFAULT NULL,
  `UserPhoneNumber` bigint(20) NOT NULL,
  `UserAddress` varchar(50) DEFAULT NULL,
  `UserPrayerRequest` varchar(700) NOT NULL,
  `CreatedOn` datetime NOT NULL,
  `UpdatedOn` datetime NOT NULL,
  `Status` int(11) NOT NULL,
  `Likes` int(11) NOT NULL
) ENGINE=InnoDB DEFAULT CHARSET=utf8;

--
-- Dumping data for table `prayerrequest`
--

INSERT INTO `prayerrequest` (`PrayerRequestId`, `UserId`, `UserName`, `UserEmailAddress`, `UserPhoneNumber`, `UserAddress`, `UserPrayerRequest`, `CreatedOn`, `UpdatedOn`, `Status`, `Likes`) VALUES
(1, 149, 'ബിജു ജേക്കബ്', 'bijuomega@gmail.com', 9745253143, 'Ima', 'ലോക സമാധാനത്തിനു വേണ്ടി പ്രാർത്ഥിക്കണേ', '2017-06-10 10:10:19', '2017-06-12 18:56:50', 0, 5),
(2, 149, 'ബിജു ജേക്കബ്', 'bijuomega@gmail.com', 9745253143, 'Ima', 'ലോക സമാധാനത്തിനു വേണ്ടി പ്രാർത്ഥിക്കണേ', '2017-06-10 10:10:20', '2017-06-13 15:52:05', 0, 6),
(3, 149, 'ബിജു ജേക്കബ്', 'bijuomega@gmail.com', 9745253143, 'Ima', 'ലോക സമാധാനത്തിനു വേണ്ടി പ്രാർത്ഥിക്കണേ', '2017-06-10 10:10:20', '2017-06-12 18:56:46', 0, 4),
(4, 149, 'ബിജു ജേക്കബ്', 'bijuomega@gmail.com', 9745253143, 'Ima', 'ലോക സമാധാനത്തിനു വേണ്ടി പ്രാർത്ഥിക്കണേ', '2017-06-10 10:10:20', '2017-06-12 18:56:49', 0, 7),
(5, 149, 'ബിജു ജേക്കബ്', 'bijuomega@gmail.com', 9745253143, 'Ims', 'ലോക സമാധാനത്തിനു വേണ്ടി പ്രാർത്ഥിക്കണേ', '2017-06-10 10:10:21', '2017-06-12 18:56:39', 0, 7),
(6, 190, 'Vishnu', 'vishnualapra@gmail.com', 8129785090, 'Innovista Cochin', 'Testing', '2017-06-10 14:44:54', '2017-06-12 18:56:41', 0, 17),
(7, 197, 'Johnson', 'johnsonouseph2011@gmail.com', 97455276828, 'Johnson. V.O PA Gulf Doha Qatar', 'Please pray for me my Bank loans with salary pending.', '2017-06-11 06:21:01', '2017-06-13 07:32:16', 0, 7),
(8, 209, 'Tresa sudeep', 'tresatp20@gmail.com', 971553751003, 'Sharjah', 'Pray for me to get a job', '2017-06-11 07:50:50', '2017-06-13 07:32:12', 0, 6),
(9, 212, 'Denny', 'dennyantony443@gmial.com', 9744342020, '9744342020', 'എന്റെ ജീവിത പങ്കാളി ഡൽഹിയിൽ ആണ് എന്റെ  വീട്ടിൽ വരാൻ വേണ്ടി', '2017-06-11 12:49:34', '2017-06-15 14:44:32', 0, 8),
(10, 213, 'Angel Sophia Jinson', 'angelsophiav@gmail.com', 9745318118, 'kannenkeril pallikachira p.o paippad', 'Enk eppol 8 month pregnant anu epravashym scan cheythapol kunjinte heart nu hole undenu dr paranju pine annanalathil hole undonu doubt und appol kunju undait kunjinu operetion vendi varumnu dr paranju .. Please ente kunjinu vendi prarthikanm', '2017-06-11 13:15:35', '2017-06-15 14:44:21', 0, 16),
(11, 215, 'Happymol roy', 'roycekj@outlook.com', 966502393482, 'Kmph hospital. Ksa', 'ഈശോയെ ims  അമ്മെ ഈ  ജപമാല  ഗ്രൂപ്പിലെ എല്ലാ  നിയോഗങ്ങളുടെമേലും  കരുണയായിരിക്കണമേ എന്നു  പ്രാർത്ഥിക്കുന്നു', '2017-06-11 17:41:22', '2017-06-15 20:32:53', 0, 8),
(12, 215, 'Happymolroy', 'roycekj@outlook.com', 966502393482, 'Kariyil house', 'ലോക സമാധാനത്തിനു  വേണ്ടി  പ്രാർത്ഥിക്കുന്നു', '2017-06-11 17:49:18', '2017-06-15 20:32:52', 0, 8),
(13, 218, 'Rincy', 'rincyabraham.84@gmail.com', 96598934599, 'Kuwait, abbasiaya', 'Please pray for me to solve all my health problems', '2017-06-11 18:33:47', '2017-06-13 15:51:50', 0, 4),
(14, 220, 'Josekutty', 'josekariyil@gmail.com', 8075652611, 'Kariyil,K.R.Puram,Cherthala', 'Business thadasam. Money block', '2017-06-11 19:01:16', '2017-06-13 15:51:49', 0, 8),
(15, 221, 'Juliee Joy', 'julieejoy@gmail.com', 96550234130, 'Karimalath house Karimba post Palakkad', 'Njankal ku sthalam vangi veedu vaikanum. Enda aniyathi da vivaham athrayum pattannu nadakunathinu prathikana', '2017-06-11 19:05:30', '2017-06-13 15:51:34', 0, 5),
(16, 224, 'Simi sijo', 'Simisijo16@gmail.com', 559828039, 'Kottoor house kazergod', 'Anik veedu vekan oru vazi kanikane', '2017-06-11 19:37:05', '2017-06-13 15:51:32', 0, 6),
(17, 193, 'Shijinedward', 'shijinedward66@gmail.com', 971507159008, NULL, '*ജന്മപാപമില്ലാതെ ഉത്ഭവിച്ച പരിശുദ്ധ മറിയമേ അങ്ങിൽ ആശ്രയിക്കുന്ന ഞങ്ങൾക്കു വേണ്ടി പ്രാർത്ഥിക്കണമേ*  എനിക്കു അബുദാബിയിൽ post office ജോലി ലഭിക്കാൻ പ്രാർത്ഥിക്കണമേ', '2017-06-11 19:49:39', '2017-06-13 15:51:30', 0, 2),
(18, 231, 'Mariam', 'mariamcherian28@gmail.com', 96899676859, NULL, 'I am leaving Muscat end of this month.I have lost my job.Kindly pray for me to get a good afordable rented house,school admission&peaceful work place without night duty', '2017-06-11 21:18:43', '2017-06-13 15:51:26', 0, 10),
(19, 233, 'Georgekutty john', NULL, 9447101805, NULL, 'Please pray for my sister in law and her in born child who is suffering from chicken pox at the later period of pregenancy.', '2017-06-12 00:46:29', '2017-06-13 15:51:24', 0, 7),
(20, 234, 'Aleyamma paul', NULL, 9950559104, NULL, 'ഈഗ്രൂപിൽ allaമെമ്പേഴ്‌സനും  അനുഗ്രഹിക്കേണമേ  എല്ലാ ാ\navashiymngalsadhichukodukename', '2017-06-12 01:33:42', '2017-06-13 15:51:22', 0, 10),
(21, 234, 'AleyammaPaul', NULL, 9950559104, NULL, 'എന്റെ എല്ലാ  ബുദ്ധി മുട്ടുകൾമാറ്റി തന്ന്  അനുഗ്രഹിക്കേണമേ അമ്മെ മാതാവേ .ഞങ്ങളുടെ  മക്കളെ  നല്ല  ഹോളി സ്പിരിറ്റിൽ  വളരാൻ  പരിശുദ്ധ ആത്മാവിന്  അവരുടെ  ഉള്ളിലേക്ക്  അയക്കേണമേ ആമേൻ', '2017-06-12 02:00:03', '2017-06-14 21:19:01', 0, 12),
(22, 239, 'Charley koshy', 'charleykoshy@yahoo.com', 9495705744, 'Jawaharnagar. Mundakayam', 'Please pray for all cancer patients', '2017-06-12 05:13:44', '2017-06-14 21:18:52', 0, 12),
(23, 222, 'Jomonjesmi', 'jomonjoseph424@gmail.com', 966597679656, 'No', 'For children and company transfer', '2017-06-12 06:10:53', '2017-06-14 21:18:45', 0, 9),
(24, 243, 'Tintu Augustine', 'tintuaugustine003@gmail.com', 562746400, NULL, 'Pls pray for my husband to solve his job problems', '2017-06-12 06:34:05', '2017-06-15 20:32:33', 0, 10),
(25, 245, 'Annakutty', 'annakutty.cyril@gmail.com', 8943756409, NULL, 'Plz pray for my kids to concentrate in thr studies. They''re fan of cartoon. And playing mobile games. Plz pray may gud god enlighten thr mind', '2017-06-12 08:11:17', '2017-06-13 15:50:51', 0, 8),
(26, 251, 'Rosilin', 'rosilinmathew@gmail.com', 508428870, NULL, 'Pls pray for my promotion which is not happening for long time', '2017-06-12 15:04:30', '2017-06-15 20:32:25', 0, 11),
(27, 231, 'Mariam', 'mariamcherian28@gmail.com', 96899676859, 'Oman', 'Kindly pray for all my problems to solve', '2017-06-12 15:22:36', '2017-06-15 20:32:19', 0, 9),
(28, 239, 'Charley koshy', NULL, 9495705744, NULL, 'കാരിത്താസ് ആശുപത്രിയിൽ icuൽ  serious ആയി കഴിയുന്ന എൻറെ കൂടെ ജോലി ചെയ്യുന്ന ജിമ്മി സാറിന് വേണ്ടി പ്രാർത്ഥിക്കണമേ അച്ചാ...ഐ,എം.എസ്.അമ്മേ അങ്ങെ തിരുക്കുമാരനോട് അപേക്ഷിക്കണമേ...', '2017-06-12 15:59:24', '2017-06-14 21:18:13', 0, 12),
(29, 245, 'Annakutty', 'annakutty.cyril@gmail.com', 8943756409, NULL, 'Plz pray for my husband and family  .as well as for his business also. So many obstacles in his way.may good god shower blessing upon him', '2017-06-12 16:10:06', '2017-06-15 20:32:14', 0, 6),
(30, 234, 'Aleyamma  paul', NULL, 9950559104, NULL, 'ഞങ്ങളുടെ  ബിസിഎൻഎസ്  നല്ല  രീതിയിൽ  കൗണ്ടുപോകാനും  ടൈമിൽ പേയ്മെന്റ്  കിട്ടുവാനും പ്രതേകം  പ്രയർ ചെയ്യണമേ', '2017-06-12 18:09:28', '2017-06-13 12:55:48', 0, 4),
(31, 234, 'AleyammaPaul', NULL, 9950559104, NULL, 'എല്ലാ  യുവാ ജനങ്ങങ്ങൾ ക്കു  വേന്റി  പ്രതേകം  പ്രയർ ചെയ്യണമേ', '2017-06-12 18:19:15', '2017-06-15 20:32:07', 0, 7),
(32, 256, 'Bibimol Johnpaul', 'bibithomasg@gamail.com', 521417648, 'Kuzhinjalil house Thodupuzha', 'Sthalam medikkaanum oru veed paniyaanum vendiyum sahodarante vivaham nadakkunnathinu vendiyum prarthana sahayam chodikkunnu.', '2017-06-12 18:53:15', '2017-06-15 20:32:05', 0, 6),
(33, 215, 'Happymol roy', 'roycekj@outlook.com', 966502393482, 'Kariyil house', 'എല്ലാ   കുഞ്ഞുമക്കളെയും  പരിശുദ്ധാത്മാവിനാൽ  നിറയ്ക്കണമേ', '2017-06-12 22:20:26', '2017-06-15 20:32:01', 0, 9),
(34, 260, 'Gilish Jose', 'gilish.jose@gmail.com', 971582856398, 'Abu Shagara, Sharjah, UAE', 'Enikku anuyojiamaya oru job kittuvan prarthikkaname. Joli aneshichu visit visa il UAE vannathanu. Visa July month expire aakum. Interview''s okke koduthu. Nalla job offer onnum kittunnilla. Enikku joli labhikkanulla thadasangal ellam neenguan prarthikkaname. Karthave kaniyaname. IMS amme enikku ennum madhyastavum sahayavumayirikkename. Amme mathave enne verum kaiyode paranjayakkalle, oru jeevitham margam tharename. Amen .', '2017-06-12 22:53:52', '2017-06-14 21:17:10', 0, 4),
(35, 234, 'ഏലിയാമ്മ പോൾ', NULL, 9950559104, NULL, 'ഈ കൊന്ത പ്രാത്ഥനയിൽ  ഉൾപ്പെടുന്ന  എല്ലാ വക്തികളെയും .അവ രുടെ കുടുംബങ്ങളെയും അനുഗ്രഹിക്കേണമേ  ഇത് നടത്താൻ പ്രചോദനം  ചെയത .ഫ്ര.പ്രശാന്ത് അച്ചനയും  ഇനിയും  കൂടുതൽ മുന്നോട്ട്  നയിക്കാൻ   ഐ മെസ് അമ്മയും  ഈശോയും  അച്ചനെ കാത്തുകൊള്ളേണമേ', '2017-06-13 03:17:58', '2017-06-15 20:31:52', 0, 8),
(36, 264, 'Nimmy', 'johnpascal65@gmail.com', 8778740467, '13/2C Kelly''s road jabalpur vellore  Tamilnadu', 'എന്റെ കുടുംബത്തിലെ കട ബാദ്ധ്യതകൾ മാറാനും എന്റെ കുട്ടികൾ 3 പേർ ദൈവഭക്തിയിലും ദൈവഭയത്തിലും വളരുവാനും എന്റെ സഹോദരിയുടെ  കുടുംബത്തിലുള്ള എല്ലാ പ്രശ്നങ്ങളും മാറുവാനും കുടുബ സമാധാനത്തിനും വേണ്ടിയും''ദയവായി പ്രാർത്ഥിക്കണമെന്ന് അപേക്ഷിക്കുന്നു', '2017-06-13 05:58:40', '2017-06-15 13:44:31', 0, 9),
(37, 263, 'joseph', NULL, 918606175199, NULL, 'Bless us all, 0 Lord, we pray,for loved ones, here and near, and far away. And everyone for whom we pray. Keep ussafe each night and day, thehomeless who have noplace tostay. Those who aresuffering in anyways.', '2017-06-13 06:05:04', '2017-06-14 21:16:07', 0, 6),
(38, 62, 'Chinnu Varghese', NULL, 9764314686, NULL, 'Abba Father, thank you for bringing me into your family. May I never disappoint you in the way I treat others. May they see in me the qualities of character that can only be attributed to your presence in my life. To you be the glory and the honor, forever and ever, through Jesus my Lord. Amen.', '2017-06-13 07:23:35', '2017-06-14 21:15:44', 0, 8),
(39, 62, 'Peter Stephen', NULL, 6767123790, NULL, 'Forgive us, Lord . . . for the things we have done that make us feel uncomfortable in Your presence. All the front that we polish so carefully for men to see does not deceive You. For you know every thought that has left its shadow on our memory. You have marked every motive that curdled something sweet within us.\nWe acknowledge--with bitterness and true repentance--that cross and selfish thoughts have entered our minds; we acknowledge that we have permitted our minds to wander through unclean and forbidden ways; we have toyed with that which we knew was not for us; we have desired that which we should not have. Amen', '2017-06-13 07:25:08', '2017-06-13 23:09:10', 0, 3),
(40, 267, 'Thomas Antony', 'tony.nangachiveed@gmail.com', 7356884039, '7356884039', 'Pls pray for cure my cancer.', '2017-06-13 08:37:16', '2017-06-15 17:51:39', 0, 9),
(41, 234, 'Aleyamma paul', NULL, 9950559104, NULL, 'ചെങ്കോൽ ഏന്തിയ  IMS  അമ്മേ  അനുഗ്രഹിക്കേണമേ ഞങ്ങളെ  എല്ലാവ\n\nരെയും പരിശുധാൽവിനാൽ നിറക്കേണമേ', '2017-06-13 11:50:40', '2017-06-15 20:31:29', 0, 8),
(42, 274, 'Anitha lishi', 'anithamathewma@gmail.com', 571140401, NULL, 'Mumaries account opening', '2017-06-13 14:02:13', '2017-06-13 23:09:00', 0, 2),
(43, 245, 'Annakutty', 'annakuttycyril@gmail.com', 8943756409, NULL, 'Plz pray for my 7 years old son and 6 years daughter. They use to pass urine in the bed during night. Molu''s daily and son sometime in cold weather and rainy season. I m taking rest after third cesarean. ..I hv to take care of small baby boy. So sometimes missed to wake up elders. In laws r blaming me. M struggling a lot. Maid is thr to do my and small ones. Rest done by mother in law. So Plz pray that almighty god shower blessing and heal my daughter.', '2017-06-13 17:25:56', '2017-06-18 12:55:30', 0, 2),
(44, 234, 'ഏലിയാമ്മ paul', NULL, 9950559104, NULL, 'എല്ലാ പാവി കളും ദോഷികളും മായ മക്കളെ കാത്തു കൊള്ളേണമേ .പുകവലി മദ്യപാനമുള്ള എല്ലാ വക്തികളെയും ഈശോ  രക്ഷിച്ചുകൊള്ളേണമേ അവരുടെമനസിനെ  പരിശുധാൽവിനാൽ  നിറക്കേണമേ', '2017-06-13 18:06:47', '2017-06-17 07:42:30', 0, 5),
(45, 234, 'AleyammaPaul', NULL, 9950559104, NULL, 'അമ്മേ മാതാവേ  കാത്തു കൊള്ളേണമേ   സ്വന്തമായി  ഭവനം ഇല്ലാത്ത  എല്ലാ വക്തികളെയും  അനുഗ്രഹിക്കേണമേ  ആമേൻ', '2017-06-14 04:09:35', '2017-06-17 07:42:29', 0, 9),
(46, 249, 'Fr Prashant', 'frprashant@imsdhyanabhavan.com', 9495196988, 'IMS', 'I will pray for all.', '2017-06-14 14:07:15', '2017-06-17 07:42:26', 0, 3),
(47, 215, 'Happy mol roy', 'roycekj@outlook.com', 966502393482, 'Kariyil', 'ജോലിയില്ലാത്ത  എല്ലാ വരെയും  അനുഗ്രഹിക്കുന്നതിനായി  പ്രാർത്ഥിക്കുന്നു', '2017-06-15 13:15:07', '2017-06-17 07:42:23', 0, 4),
(48, 215, 'Happymolroy', 'roycekj@outlook.com', 966502393482, 'Kariyil', 'ചെങ്കോലേന്തിയ ims whats  അപ്  ജപമാല  ഗ്രൂപ്പിലെ  എല്ലാ  നിയോഗങ്ങളുടെമേലും കരുണയായിരിക്കണമേ. എല്ലാ  കുടുംബങ്ങളെയും  അനുഗ്രഹിക്കണമേ', '2017-06-15 13:18:43', '2017-06-17 07:42:24', 0, 4),
(49, 258, 'Ritu Joseph', 'ritumariam@yahoo.com', 447778089406, NULL, 'Please pray for complete cure of my daughter''s skin ailment ( vitiligo).', '2017-06-15 13:47:13', '2017-06-21 12:29:46', 0, 5),
(50, 234, 'Aleyamma paul', NULL, 9950559104, NULL, 'പ്രാത്ഥmaനയിൽ മടി കാണിക്കുന്ന എല്ലാ മക്കളെയും ബൈബിൾ  വായിക്കാത്ത വരേയും പ്രതേകം  പ്രാത്ഥനയിൽ ഓർത്തു കൊള്ളേണമേ  . കുഞ്ഞുങ്ങൾ  എല്ലാവരും  നല്ല  രീതിയിൽ  പഠിച്ചു നല്ലതായ് ജീവിക്കാൻ കാത്തു കൊള്ളേണമേ', '2017-06-15 16:59:20', '2017-06-21 12:29:43', 0, 1),
(51, 234, 'Aleyammapaul', NULL, 9950559104, NULL, 'എല്ലാ വൈദികരെയും സിസ്റ്റേഴ്സ്  സെമിനാരികുഞ്ഞുങ്ങൾ  ..വചന പ്രഘോഷകൻ  എല്ലാവരെയും  ഈശോ  കാത്തു കൊള്ളേണമേ', '2017-06-15 17:51:17', '2017-06-21 12:29:42', 0, 5),
(52, 249, 'Fr prashant ims', 'frprashant@imsdhynabhavan.com', 9495196988, NULL, 'I will pray for your intentions. If your prayers are answered by the l m s Anna say thanks.', '2017-06-16 04:44:23', '2017-06-21 12:29:40', 0, 3),
(53, 249, 'Fr peasant ims', 'frprashant@imsdhynabhavan.com', 9495196988, NULL, 'I will pray for your intentions. If your prayers are answered by the IMS AMMA say thanks.', '2017-06-17 02:40:12', '2017-06-21 12:29:39', 0, 3),
(54, 234, 'Aleyamma  Paul', NULL, 9950559104, 'Jodhpur  Rajasthan', 'ചെങ്കോൽ  ഏന്തിയ ഐഎം സ്  അമ്മേ  മാതാവേ പ്രശാന്ത് അച്ചനയും  ടീം അംഗങ്ങൾയും അവരുടെ എല്ലാ പ്രവത്തനങ്ങളെയും  അനുഗ്രഹിക്കേണമേ  കൂടുതലായ്  ആത്മീയ കഴിവ്  കൊടുത്തു കൊള്ളേണമേ .എല്ലാ പ്രവത്തനങ്ങളിലും  ഐഎം സ് അമ്മ നല്ല രീതിയിൽ അനുഗ്രഹിക്കേണമേ    ഷാർജ പ്രോഗാമിലും അനേഹം ആളുകൾ  വന്നു അനുഗ്രഹം  പ്രാപിക്കാൻ   ഐഎം സ് അമ്മ കുട്ടായിരിക്കേണമേ .ആത്മീയ യുണർവ്  ഉണ്ടാകണമേ  ആമേൻ .', '2017-06-17 06:55:22', '2017-06-21 12:29:39', 0, 3),
(55, 298, 'Jofin George', 'jofingeorge1984@gmail.com', 9400125568, 'Paliyath(h),pannimattom p.o,thodupuzha', 'Please pray for our ..will get nice job in abroad.ave Maria..', '2017-06-17 13:46:31', '2017-06-21 12:29:36', 0, 2),
(56, 249, 'Fr prashant ims', 'frprashant@imsdhynabhavan.com', 9495196988, NULL, 'I will pray for your  all intentions. If your prayers are answered by  Ims Amma say thanks.', '2017-06-18 03:18:02', '2017-06-21 12:54:16', 0, 7),
(57, 249, 'Fr Prashant ims', 'frprashant@imsdhyanabhavan.com', 9495196988, NULL, 'I will pray for all your intentions.If your prayers are answered by IMS AMMA say thanks.', '2017-06-19 03:04:10', '2017-06-21 12:54:13', 0, 4),
(58, 249, 'Fr prashant Ims', 'frprashant@imsdhynabhavan.com', 9495196988, NULL, 'I will pray for all your intentions.If your prayers are answered by the IMS AMMA say thanks.', '2017-06-20 02:39:10', '2017-06-21 12:54:12', 0, 3),
(59, 234, 'Aleyamma Paul', NULL, 9950559104, NULL, 'അമ്മേ മാതാവേ  അങ്ങെ മക്കളെ  അനുഗ്രഹിക്കേണമേ എല്ലാവരെയും അവിടുത്തെതിരു കാരത്താൽ എല്ലാ വിധ പാപവത്തിൽ നിന്നും പാപ്വസാഹചര്യങ്ങളിൽ നിന്നും ഞങ്ങളെ രക്ഷിച്ചുകൊള്ളേണമേ എല്ലാ വിധ അബഘടങ്ങിലും ഐ എം സ് അമ്മ ഞങ്ങളെ കാത്തു കൊള്ളേണമേ ഞങ്ങളുടെ ജോലികൾ വിശ്വസതയോടെ ചെയ്യാൻ ഞങ്ങൾക്കു കഴിയണമേ കടബാധ്യതകൾ സാമ്പത്തികബുദ്ധിമുട്ടുകൾ  സ്വന്തമായി ഭവനമില്ലാത്ത എല്ലാ മക്കളെ യും അവിടുന്ന് ഈശോ അവരെ കാത്തു കൊള്ളേണമേ ആമേൻ', '2017-06-20 04:55:47', '2017-06-21 12:29:30', 0, 1),
(62, 249, 'Fr Prashant Ims', 'frprashant@imsdhyanabhavan.com', 9495196988, NULL, 'I will pray for all your intentions.If your prayers are answered by the IMS AMMA say thanks.', '2017-06-22 02:54:43', '2017-06-22 02:54:54', 1, 1);

-- --------------------------------------------------------

--
-- Table structure for table `registration`
--

CREATE TABLE `registration` (
  `RegisterId` int(11) NOT NULL,
  `Name` varchar(50) NOT NULL,
  `UserLocation` varchar(50) NOT NULL,
  `UserEmailId` varchar(50) NOT NULL,
  `UserPhoneNumber` bigint(20) NOT NULL,
  `CreatedOn` datetime NOT NULL,
  `UpdatedOn` datetime NOT NULL
) ENGINE=InnoDB DEFAULT CHARSET=utf8;

--
-- Dumping data for table `registration`
--

INSERT INTO `registration` (`RegisterId`, `Name`, `UserLocation`, `UserEmailId`, `UserPhoneNumber`, `CreatedOn`, `UpdatedOn`) VALUES
(1, 'kirans', 'vytilaa', 'kiran@yahoo.in', 78781778211, '2017-04-17 11:31:15', '2017-04-24 06:56:43'),
(2, 'manu', '7127271', 'manu@yahoo.in', 9876543211, '2017-04-18 03:51:00', '2017-04-18 03:51:20'),
(3, 'wdw', 'effefe', 'ww@fjfj.om', 78765645242, '2017-04-24 06:39:23', '2017-04-24 06:39:23'),
(4, 'bbbcv', 'mv', 'dwmwd@dhf.com', 787673672332, '2017-04-24 06:52:41', '2017-04-24 06:52:41'),
(5, 'gdhgd', 'hefe', 'ef@vm.com', 278272562652, '2017-04-24 09:13:46', '2017-04-24 09:13:46'),
(6, 'dwinin', 'in', 'ii@jf.com', 8725625626521, '2017-04-24 09:18:58', '2017-04-24 09:18:58'),
(7, 'rony', 'kjb', 'kjb@djdj.com', 78625156256, '2017-04-24 09:20:48', '2017-04-24 09:20:48'),
(8, 'dbibi', 'ibib', 'bhwdkv@djd.com', 721862626, '2017-04-24 09:30:27', '2017-04-24 09:30:27'),
(9, 'wvdjdvwjv', 'vmh', 'vh', 7876331787381783, '2017-04-24 09:35:12', '2017-04-24 09:35:12'),
(10, 'msqbsqby', 'biu', 'hvyv@jddj.com', 877721822, '2017-04-24 10:15:25', '2017-04-24 10:15:25'),
(11, 'kjwdwiubiu', 'biiib', 'i@js.com', 1871771, '2017-04-24 10:19:01', '2017-04-24 10:19:01'),
(12, 'jbsqiubi', 'ui', 'jnudwd@ddj.com', 72878278262, '2017-04-24 10:28:59', '2017-04-24 10:28:59'),
(13, 'maanaaj', 'vj', 'h781782@jdj.com', 27212221, '2017-04-24 10:32:37', '2017-04-24 10:32:37'),
(14, 'wndwbiiubuib', 'u', 'ib89822@dd.com', 82178782178, '2017-04-24 10:35:42', '2017-04-24 10:35:42'),
(15, 'dhwdwbb', 'wibdwidw', 'biu@dkd.com', 278782782, '2017-04-24 10:47:19', '2017-04-24 10:47:19'),
(16, 'wdvwvduv', 'yuv', 'yvy@kdjd.com', 278782782, '2017-04-24 11:12:31', '2017-04-24 11:12:31'),
(17, 'wdbdkwkb', 'ljn', 'uibui@jff.com', 982338203, '2017-04-24 11:14:34', '2017-04-24 11:14:34'),
(18, 'wdwddwbibkb', 'jkbk', 'bqhwh@ffkfk.com', 265252727, '2017-04-24 11:30:00', '2017-04-24 11:30:00'),
(19, 'dhwbdwbi', 'u', 'ib@djd.cm', 72782782, '2017-04-24 11:32:01', '2017-04-24 11:32:01'),
(20, 'wgddviwuywug', 'iakbdiwd', 'yuuqggdwyd@dd.com', 67878712828, '2017-04-24 11:53:51', '2017-04-24 11:53:51'),
(21, 'dwjkbuidwhuih', 'h', 'ifelfhfe@jdjd.com', 27878278278, '2017-04-24 11:56:16', '2017-04-24 11:56:16'),
(22, 'jefkhfkjb', 'kbbk', 'kbkbw@com', 822922929828, '2017-04-24 15:35:55', '2017-04-24 15:35:55'),
(23, 'wdkdwkjbk', 'kb', 'bkbwd@!dkdk.com', 26722, '2017-04-24 15:38:16', '2017-04-24 15:38:16'),
(24, 'swkwjsbwskjbkjb', 'kjb', 'kdej@kje.com', 288292, '2017-04-24 15:39:42', '2017-04-24 15:39:42'),
(25, 'dmndwj', 'llldwn', 'lnlkn@jsjs.com', 89129721, '2017-04-24 15:49:01', '2017-04-24 15:49:01'),
(26, 'nwdiu', 'kjb', 'kjbkj@hhd.com', 878262672, '2017-04-24 16:29:15', '2017-04-24 16:29:15'),
(27, 'kevin', 'vytilla', 'kevin@yahoo.in', 76766721772, '2017-04-25 04:11:54', '2017-04-25 04:11:54'),
(28, 'npq', 'jordan', 'npq@yahoo.in', 987654321, '2017-04-27 05:39:55', '2017-04-27 05:39:55'),
(29, 'yusuf', 'jakjk', 'kjbb@jks.com', 28828278, '2017-04-27 05:59:34', '2017-04-27 05:59:34'),
(30, 'paul', 'ndndnd', 'paula@yahoo.in', 7383838837, '2017-04-27 06:49:43', '2017-04-27 06:49:43'),
(31, 'tony', 'dydwgu', 'tony@yahoo.in', 987654313213, '2017-04-27 06:57:35', '2017-04-27 06:57:35'),
(32, 'frank', 'local', 'lo@k.com', 8915614514, '2017-04-27 08:26:19', '2017-04-27 08:26:19'),
(33, 'nbkwbk', 'bkb', 'kbkb@jdj.com', 7878181181, '2017-04-27 08:28:22', '2017-04-27 08:28:22'),
(34, 'ram', 'doha', 'ram@yahoo.in', 8874341156, '2017-04-28 06:12:46', '2017-04-28 06:12:46'),
(35, 'john', 'loca', 'john@gmail.om', 897671652112, '2017-04-28 06:20:05', '2017-04-28 06:20:05'),
(36, 'hd', 'doha', 'f@jfom.cjb', 8874341156, '2017-04-28 06:31:29', '2017-04-28 06:31:29'),
(37, 'qwer', 'kjb', 'kjb@jsjs.cim', 828282181, '2017-04-28 06:43:35', '2017-04-28 06:43:35'),
(38, 'sqbsqbkkb', 'iubiub', 'kbwd@sjd.com', 78672565267, '2017-04-28 06:45:42', '2017-04-28 06:45:42'),
(39, 'shshga', 'snns', 'sbsns@hsjs.com', 733838827, '2017-04-28 06:48:08', '2017-04-28 06:48:08'),
(40, '847dd', 'h hhh hxhx', 'hsha@hsheh.com', 972626273, '2017-04-28 06:51:42', '2017-04-28 06:51:42'),
(41, 'shvqyvv', 'kv', 'khv@ejj.com', 78712676127821, '2017-04-28 06:53:06', '2017-04-28 06:53:06'),
(42, 'hshah', 'snnsne', 'jsjsje', 871272827, '2017-04-28 06:53:52', '2017-04-28 06:53:52'),
(43, 'sjshs', 'bsnsbe', 'zjjsbs@jsjwj.com', 73838377373, '2017-04-28 07:00:59', '2017-04-28 07:00:59'),
(44, 'ssggv', 'bsnsbe', 'svsbbsbssbs@jsjwj.com', 73838377373, '2017-04-28 07:23:42', '2017-04-28 07:23:42'),
(45, 'yxdyxxy', 'dnsbs', 'snnshs@hrheh.com', 82837363637, '2017-04-28 10:54:05', '2017-04-28 10:54:05'),
(46, 'san', 'hvhjh', 'wdwd@jdfj.com', 8222228892, '2017-05-02 06:43:55', '2017-05-02 06:43:56'),
(47, 'mnxjh', 'vvv', 'j@kskdd.com', 28828727281782, '2017-05-02 06:49:32', '2017-05-02 06:49:32'),
(48, 'smndjhdvh', 'wdj', 'kbk@djdj.com', 672672122, '2017-05-02 07:40:22', '2017-05-02 07:40:22'),
(49, 'libk', 'sbshh', 'sanq@hehw.com', 838738348, '2017-05-02 07:40:44', '2017-05-02 07:40:44'),
(50, 'kshbis', 'hvejhe', 'vj@dkf.com', 7871828275, '2017-05-02 08:05:12', '2017-05-02 08:05:12'),
(51, 'jbwkDB', 'BKJB', 'BKB@EJD.COM', 712788222822, '2017-05-02 08:10:55', '2017-05-02 08:10:55'),
(52, 'hshsg', 'sbba', 'bebe@jdhe.com', 51728277272, '2017-05-02 08:17:03', '2017-05-02 08:17:03'),
(53, 'hshsh', 'shsbsbsh', 'snhs@ejej.com', 8387373768, '2017-05-02 08:18:47', '2017-05-02 08:18:47'),
(54, 'sumigh', 'jaja', 'snairsumith@gmail', 9656761101, '2017-05-02 08:25:46', '2017-05-02 08:26:10'),
(55, 'su', 'hshsh', 's@gmail.co.m', 96567611011, '2017-05-02 08:27:25', '2017-05-02 08:27:25'),
(56, 'hjwvdv', 'vhj', 'wd@kdk.com', 87712222444, '2017-05-02 08:33:57', '2017-05-02 08:33:57'),
(57, 'hahs', 'hshshs', 'aba@bsbs.com', 7278272837, '2017-05-02 08:35:48', '2017-05-02 08:35:48'),
(58, 'wdji', 'bbb', 'bb@kdk.com', 82228393483, '2017-05-02 08:41:07', '2017-05-02 08:41:30'),
(59, 'kjebubeuf', '1i2uijgyd', 'kb@222.com', 89189333823, '2017-05-02 08:48:03', '2017-05-02 08:48:55'),
(60, 'wdkjdajkbj', 'bkbb', 'kjb@kdkd.com', 30323233, '2017-05-02 08:49:41', '2017-05-02 08:49:41'),
(61, 'hahsh', 'hajsh', 'baha@bsbs.com', 28282727373, '2017-05-02 08:52:52', '2017-05-02 08:52:52'),
(62, 'Chinnu Varghe', 'Kottayam', 'chinnu@gmail.com', 9495254780, '2017-05-02 12:10:03', '2017-06-13 07:10:08'),
(63, 'hsjsj', 'nsjsb', 'nzndb@ejje.com', 8373737373, '2017-05-02 12:11:57', '2017-05-02 12:11:57'),
(64, 'Chinnu', 'Kottayam', 'chi@g.com', 9495465318, '2017-05-03 06:01:06', '2017-05-03 06:01:06'),
(65, 'lenin', 'loc', 'lenin@gmail.com', 878676554541, '2017-05-05 04:36:52', '2017-05-05 04:36:52'),
(66, 'ejbkj', 'bjk', 'bkwd@dk.com', 8289289123, '2017-05-05 08:28:41', '2017-05-05 08:28:41'),
(67, 'jbbeb', 'ih', 'hioh@jddj.com', 87781161727, '2017-05-06 07:30:08', '2017-05-06 07:30:08'),
(68, 'No fgh', 'eh', 'shwhhwh@bshs.com', 28827373783, '2017-05-11 09:12:27', '2017-05-11 09:12:27'),
(69, 'sjhss', 'sbsbsb', 'ahsbs@snsb.com', 8837378367, '2017-05-11 09:16:08', '2017-05-11 09:16:08'),
(70, 'jbcbkbkbkbjkbjjbj', 'b', 'b@jd.com', 8821882121, '2017-05-11 09:18:52', '2017-05-11 09:18:52'),
(71, 'ud', 'hhz', 'hzhzh12aa@jxc.com', 93883774834, '2017-05-12 05:23:58', '2017-05-12 05:23:58'),
(72, 'anand', 'Dhxh', 'hdh@dh.com', 6445755598, '2017-05-12 06:08:18', '2017-05-12 06:08:18'),
(73, 'h dhs', 'bzz', 'hhd@xx.com', 78654578756, '2017-05-12 06:09:07', '2017-05-12 06:09:07'),
(74, 'vsg', 'snhssh', 'snns@jsjs', 71726638374, '2017-05-12 06:14:37', '2017-05-12 06:14:37'),
(75, 'zhs', 'hhs', 'jhss@hs.com', 817266226727, '2017-05-12 06:15:55', '2017-05-12 06:15:55'),
(76, 'bksbbbjbbkbb', 'b', 'kb@djdj.com', 2877828212, '2017-05-12 06:25:24', '2017-05-12 06:25:24'),
(77, 'vvhd', 'sshshs', 'ans@dhd.com', 77777783737, '2017-05-12 06:28:51', '2017-05-12 06:28:51'),
(78, 'hdhj', '714', 'wdnwvd@yahoo.in', 9876543211, '2017-05-12 07:30:34', '2017-05-12 11:52:44'),
(79, 'Chinnu Varghese', 'Kottayam', 'chinnu@g.com', 98765432, '2017-05-12 07:34:45', '2017-05-12 07:51:40'),
(80, 'Anan', 'We', 'we@g.com', 9856232585, '2017-05-12 07:36:16', '2017-05-12 07:36:16'),
(81, 'Abhijith', 'Kottayam', 'aa.nair008@gmail.com', 9895456867, '2017-05-12 09:20:43', '2017-05-23 12:21:19'),
(82, 'Chinnu', 'Kottayam', 'chi@gmail.com', 9495465318, '2017-05-12 09:37:26', '2017-05-12 09:37:26'),
(83, 'Chinnu Varghese', 'Kottayam', 'chinnu1@g.com', 98765432, '2017-05-12 09:37:51', '2017-05-12 09:37:51'),
(84, 'Vh', 'Dcg', 'x@g.com', 5696866389, '2017-05-12 10:24:41', '2017-05-12 10:24:41'),
(85, 'Huu', 'Cjkk', 'vh@g.com', 5689963889, '2017-05-12 10:27:45', '2017-05-12 10:27:45'),
(86, 'Uijh', 'Vbj', 'z@g.com', 8684286358, '2017-05-12 10:30:55', '2017-05-12 10:30:55'),
(87, 'Chinna', 'Kottayam', 'a@g.com', 9785245862, '2017-05-12 10:33:48', '2017-05-26 06:08:14'),
(88, 'Hhj', 'Cbn', 'c@g.com', 86666999999, '2017-05-12 10:36:37', '2017-05-12 10:36:37'),
(89, 'hdhj', '71', 'wbvxfdddjdw@djdj.com', 9876543211, '2017-05-12 12:06:07', '2017-05-15 04:54:38'),
(90, 'kika', 'kik', 'kika@gmail.com', 9828763728, '2017-05-15 04:44:27', '2017-05-15 04:44:27'),
(91, 'Kichu', 'Sshs', 'kichu@gmail.com', 8111865075, '2017-05-15 04:45:41', '2017-05-15 04:45:41'),
(92, 'kik', 'kik', 'kik@gmail.com', 89782898629, '2017-05-15 04:46:38', '2017-05-15 04:46:38'),
(93, 'hdhj', '71', 'baam@djdj.com', 9876543211, '2017-05-15 04:54:51', '2017-05-15 04:54:51'),
(94, 'santhosh', 'kochi', 'santhoshg474@gmail.com', 8606175199, '2017-05-15 05:03:08', '2017-05-15 05:03:08'),
(95, 'gzhsh', 'shhsh', 'santhoshg4747@gmail.com', 8282882747, '2017-05-15 05:08:34', '2017-06-02 06:42:18'),
(96, 'jake', 'england', 'jake@gmail.com', 9337337837, '2017-05-15 05:14:28', '2017-05-15 05:14:28'),
(97, 'jeswin', 'tombo', 'jeswin@gmail.com', 8287288227, '2017-05-15 05:25:41', '2017-05-15 05:25:41'),
(98, 'alan', 'kakkanad', 'alan@gmail.com', 8187554278, '2017-05-15 05:54:53', '2017-05-15 05:54:53'),
(99, 'Eueue', 'Hshshs', 'dhdhd@hdhd.com', 6434646767, '2017-05-15 10:18:31', '2017-05-15 10:18:31'),
(100, 'test', 'vytilla', 'test@gmail.com', 8277373883, '2017-05-22 11:59:02', '2017-05-22 11:59:02'),
(101, 'fkjnfn', 'n', 'll@djd.com', 89898219821, '2017-05-23 06:59:50', '2017-05-23 06:59:50'),
(102, 'jwkdakbdwkb', 'k', 'kb@cj.com', 8611851112, '2017-05-24 06:29:48', '2017-05-24 06:29:48'),
(103, 'ejbfekbk', 'kbk', 'dbw@ejd.com', 8929228332, '2017-05-24 09:37:27', '2017-05-24 09:37:27'),
(104, 'e,fjbh', 'ke', 'esbf@dk.com', 7872821134, '2017-05-24 09:40:17', '2017-05-24 09:40:17'),
(105, 'mesfjhhv', 'vjvhj', 'jvjhv@djd.com', 1229921222, '2017-05-24 09:43:24', '2017-05-24 09:43:24'),
(106, 'jbibw', 'kbb', 'fea@dkd.com', 78782722222, '2017-05-24 09:48:34', '2017-05-24 09:48:34'),
(107, 'shshhs', 'sbbsn', 'sndnn@sjjs.com', 8227828277, '2017-05-24 09:55:39', '2017-05-24 09:55:39'),
(108, 'nsns', 'snnsn', 'sjje@jeje.com', 28287262772, '2017-05-24 10:10:26', '2017-05-24 10:10:26'),
(109, 'kwbdk', 'jndjndj', 'ldkdw@ek.com', 2821622212, '2017-05-24 11:04:17', '2017-05-24 11:04:17'),
(110, 'kjdjw', 'ndkwjd', 'kjn@smns.com', 87293323332, '2017-05-24 16:07:52', '2017-05-24 16:07:52'),
(111, 'sfejnjn', 'lkn', 'lekfhs@dd.com', 68218218216, '2017-05-25 10:45:58', '2017-05-25 10:45:58'),
(112, 'kjdwabkjbd', 'kebfkjbf', 'kjbdkbdkwd@jfd.com', 87628761282, '2017-05-26 04:12:05', '2017-05-26 04:12:05'),
(113, 'hdhj', '71', 'test@djdj.com', 9876543211, '2017-05-26 04:41:53', '2017-05-26 04:41:53'),
(114, 'KAWDGU', 'GUGU', 'IUGWD@DJD.COM', 12812213131, '2017-05-26 04:43:03', '2017-05-26 04:43:03'),
(115, 'test2', 'test2', 'test2@gmail.com', 2892382944, '2017-05-26 17:51:53', '2017-05-26 17:51:53'),
(116, 'test3', 'test3', 'test3@gmail.com', 899133179373, '2017-05-26 18:02:08', '2017-05-26 18:02:08'),
(117, 'nnsnsbd', 'shshsh', 'hshs@jsjw.com', 82883383993, '2017-05-26 18:08:17', '2017-05-26 18:08:17'),
(118, 'Bijo', 'Cochin', 'bijo.cb@gmail.com', 9562075554, '2017-05-28 02:22:47', '2017-06-10 03:34:09'),
(119, 'Gdfg', 'Ch', 'gffgf@hfg.com', 98554525553, '2017-05-29 09:00:25', '2017-05-29 09:00:25'),
(120, 'FrPrashant', 'Alppp', 'frprashay@imsdhynabhavan.com', 9865377986, '2017-05-30 15:46:01', '2017-05-30 15:46:01'),
(121, 'Hajs', 'Shsh', 'vsghhf@gjsj.gsj', 9464649447, '2017-05-31 05:07:18', '2017-05-31 05:07:18'),
(122, 'shhshs', 'djsjj', 'shhs@jsjsdj.com', 76557644785, '2017-05-31 06:02:09', '2017-05-31 06:02:09'),
(123, 'hhsh', 'djdh', 'sjsh@jsjs.com', 8383883848, '2017-05-31 10:02:01', '2017-05-31 10:02:01'),
(124, 'Anandhi', 'Vytiola', 'ana@gmai.com', 9467848220, '2017-06-01 05:54:50', '2017-06-01 05:54:50'),
(125, 'Gigin', 'Naperville', 'ggn@ggnlive.com', 6306968748, '2017-06-01 16:54:01', '2017-06-01 16:54:01'),
(126, 'Chinnu', 'Kottayam', 'chin@gmail.com', 4812545635, '2017-06-02 05:08:28', '2017-06-09 04:56:48'),
(127, 'shshh', 'bshshs', 'sbsbbwa@bzbz.com', 73883837444, '2017-06-02 06:25:20', '2017-06-02 06:25:20'),
(128, 'jdj', 'nxxn', 'j@udu.com', 74874556742, '2017-06-02 06:29:47', '2017-06-02 06:29:47'),
(129, 'Chinnu', 'Ernakulam', 'chin90@gmail.com', 9495258704, '2017-06-02 06:45:39', '2017-06-02 06:48:01'),
(130, 'Chinna', 'Kottayam', 'chin678@gmail.com', 9495258741, '2017-06-02 09:43:09', '2017-06-02 09:43:09'),
(131, 'hhsh', 'zhsh', 'sjsjwj@jsj.com', 82847474784, '2017-06-02 09:49:56', '2017-06-02 09:49:56'),
(132, 'sbshb', 'shshsjsjhs', 'djdjj@jsjs.com', 278283834783, '2017-06-02 10:20:05', '2017-06-02 10:20:05'),
(133, 'shsb', 'sjsjsh', 'sjjsh@jsdj.com', 38383747748, '2017-06-02 10:22:49', '2017-06-02 10:22:49'),
(134, 'dhwabdhb', 'bkjbwjkb', 'kbkjb@dkd.com', 2878762622, '2017-06-02 10:24:52', '2017-06-02 10:24:52'),
(135, 'dnsnbs', 'djdjdb', 'sjbsbs@jd.com', 82727373755, '2017-06-02 10:26:41', '2017-06-02 10:26:41'),
(136, 'bw', 'mebhf', 'jbkwd@djj.com', 7823653344, '2017-06-02 10:27:56', '2017-06-02 10:27:56'),
(137, 'hhsb', 'snsb', 'sbsbb@jeje.com', 8383847837, '2017-06-02 10:29:47', '2017-06-02 10:29:47'),
(138, 'sjshshsjshh', 'shdbbe', 'shhsh@dbdb.com', 92837377474, '2017-06-02 10:32:04', '2017-06-02 10:32:04'),
(139, 'Sbsg', 'Djdjhd', 'sjshh@hdhd.com', 979848464964, '2017-06-02 10:38:41', '2017-06-02 10:38:41'),
(140, 'jsnsh', 'sbsjhs', 'basbs@jdjd.com', 82762673838, '2017-06-02 10:40:29', '2017-06-02 10:40:29'),
(141, 'Shgsg', 'Ejejhe', 'eheh@ehd.com', 97848484959, '2017-06-02 10:43:19', '2017-06-02 10:43:19'),
(142, 'cxbhv', 'ff', 'fg@hgv.com', 8765447857, '2017-06-02 10:59:57', '2017-06-02 10:59:57'),
(143, 'femanb', 'bejfb', 'jkbskjb@jdjd.com', 986877538581, '2017-06-02 11:01:08', '2017-06-02 11:01:08'),
(144, 'Chinnu', 'Kottayam', 'chi123@gmail.com', 9632580785, '2017-06-02 13:40:35', '2017-06-02 13:40:35'),
(145, 'znbbdd', 'shshh', 'sbsb@nsn.com', 8383837733, '2017-06-02 13:44:06', '2017-06-02 13:44:06'),
(146, 'hdhdhe', 'hsbsh', 'dbshhs@ehheh.com', 8727737345, '2017-06-02 13:54:42', '2017-06-02 13:54:42'),
(147, 'Chinnu', 'Poothotta', 'abs@gmail.com', 9856374158, '2017-06-02 14:46:08', '2017-06-02 14:46:08'),
(148, 'Bihggg', 'Gfdwee', 'vggg@fff.com', 12872588555, '2017-06-03 03:15:53', '2017-06-03 03:15:53'),
(149, 'Biju jacob', 'Alappuzha', 'bijuomega@gmail.com', 9745253143, '2017-06-03 05:25:47', '2017-06-03 05:25:47'),
(150, 'Praveen', 'Kakkanad', 'jose@gmail.com', 8939028963, '2017-06-03 09:46:44', '2017-06-11 11:49:17'),
(151, 'bsbs', 'xbbdb', 'dhh@jsj.com', 8373737384, '2017-06-05 05:46:14', '2017-06-05 05:46:14'),
(152, 'shshd', 'shshs', 'hssh@jdj.com', 88737377388, '2017-06-05 08:19:52', '2017-06-05 08:19:52'),
(153, 'Hwhe', 'Heeh', 'ehheh@jeje.cim', 9798878489, '2017-06-05 08:51:07', '2017-06-05 08:51:07'),
(154, 'hdh', 'bbx', 'ndbd@njs.com', 9982873778, '2017-06-05 09:20:53', '2017-06-05 09:20:53'),
(155, 'zbzbb', 'gshs', 'hsjs@jd.com', 2773733733, '2017-06-05 10:10:52', '2017-06-05 10:10:52'),
(156, 'shdhshs', 'h', 'hxjd@jdjd.com', 8838378383, '2017-06-05 10:37:56', '2017-06-05 10:37:56'),
(157, 'Eva Joji', 'Kottayam', 'eva@gmail.com', 9525478215, '2017-06-05 11:52:12', '2017-06-05 11:52:12'),
(158, 'Hssg', 'Dhdg', 'sheh@enjd.cim', 7788787948, '2017-06-06 05:40:55', '2017-06-06 05:40:55'),
(159, 'hdhe', 'vhjvdwhdjv', 'jhvdvd@djd.com', 27828585233, '2017-06-06 07:47:38', '2017-06-06 07:47:38'),
(160, 'hjjdjvdwj', 'uwkgdiywdjhdywdg@ddjd.com', 'wg@d.com', 787627853535, '2017-06-06 11:54:59', '2017-06-06 11:54:59'),
(161, 'santhosh', 'jshshsh', 's@hshs.com', 727373838345, '2017-06-06 12:05:19', '2017-06-06 12:05:19'),
(162, 'shshh', 'vfdch', 'xbx@jsj.com', 928873834893, '2017-06-06 12:22:26', '2017-06-06 12:22:26'),
(163, 'nmbdwhbdwd', 'wvd', 'vdwdk@hd.com', 782778271552, '2017-06-06 12:26:22', '2017-06-06 12:26:22'),
(164, 'sshh', 'snsh', 'zhshs@hshd.com', 2928377373, '2017-06-06 12:36:43', '2017-06-06 12:36:43'),
(165, 'hshsg', 'hdbd', 'sbhs@hdjd.com', 91827377844, '2017-06-07 03:51:45', '2017-06-07 03:51:45'),
(166, 'bdbd', 'jshshs', 'bzbsbs@jdj.com', 9876557445, '2017-06-07 03:56:19', '2017-06-07 03:56:19'),
(167, 'shsb', 'zjdjdj', 'xh@hdhd.com', 9876783834, '2017-06-07 04:01:29', '2017-06-07 04:01:29'),
(168, 'shsh', 'bshsh', 'hsh@dudj.com', 772633837373, '2017-06-07 05:01:45', '2017-06-07 05:01:45'),
(169, 'bvcgg', 'vggfc', 'gg@ggg.com', 77777777777, '2017-06-07 05:06:07', '2017-06-07 05:06:07'),
(170, 'jkdwi', 'vvdkw', 'jbd@dk.cm', 78761878753, '2017-06-07 05:15:50', '2017-06-07 05:15:50'),
(171, 'shshs', 'sjshsh', 'jd@hs.com', 73737788838, '2017-06-07 11:02:25', '2017-06-07 11:02:25'),
(172, 'Chinnu Sebastian', 'Kottayam', 'chinnuvarghese@gmail.com', 9495465318, '2017-06-08 04:37:12', '2017-06-08 04:37:12'),
(173, 'hshsh', 'dhhdhh', 'shhs@jsj.com', 8227383884, '2017-06-08 05:59:10', '2017-06-08 05:59:10'),
(174, 'shhsh', 'shsh', 'snns@jdj.com', 2828828383, '2017-06-08 06:05:28', '2017-06-08 06:05:28'),
(175, 'shhsh', 'hhs', 'dbhd@ndjd.com', 8848484884, '2017-06-08 08:00:52', '2017-06-08 08:00:52'),
(176, 'shhs', 'ddhhd', 'dhdh@bshs.com', 38888484844, '2017-06-08 08:16:57', '2017-06-08 08:16:57'),
(177, 'dkjsbkb', 'bbdbjd', 'kjbdkj@kf.com', 873863613631, '2017-06-08 08:20:14', '2017-06-08 08:20:14'),
(178, 'wbdki', 'uiubiwb', 'jbwd@dkkd.com', 787387335775, '2017-06-08 08:23:41', '2017-06-08 08:23:41'),
(179, 'bebfb', 'kjbwbd', 'kjbkdbk@jdk.com', 87363878753, '2017-06-08 08:28:33', '2017-06-08 08:28:33'),
(180, 'hbdwb', 'bbdkbd', 'kbdkwj@dkj.com', 87685258331, '2017-06-08 08:36:38', '2017-06-08 08:36:38'),
(181, 'WADB', 'BDKJW', 'KJB@DJD.COM', 7616313131, '2017-06-08 08:39:32', '2017-06-08 08:39:32'),
(182, 'shhsg', 'shdh', 'sb@jdjc.com', 8283838843, '2017-06-08 08:43:24', '2017-06-08 08:43:24'),
(183, 'jsh', 'djdj', 'shsb@jddj.xom', 8766577733, '2017-06-08 08:46:00', '2017-06-08 08:46:00'),
(184, 'shsh', 'shsh', 'dhdh@hd.com', 87646737473, '2017-06-08 08:50:12', '2017-06-08 08:50:12'),
(185, 'Anandhu', 'Ernakulan', 'anandhums09@gmail.com', 9497678700, '2017-06-09 09:41:31', '2017-06-09 09:41:31'),
(186, 'Js', 'Djdj', 'ejd@djsj.cm', 78767654465, '2017-06-09 12:11:44', '2017-06-09 12:11:44'),
(187, 'Nithin', 'vytilla', 'snairsumith@gmail.com', 9656761101, '2017-06-09 13:13:59', '2017-06-09 13:13:59'),
(188, 'Dalamma', 'Kollam', 'dalammamargret@gmail.com', 8547144202, '2017-06-10 10:00:10', '2017-06-10 10:00:10'),
(189, 'Nicholas', 'Alappuzha', 'niczdreamz@gmail.com', 919497652479, '2017-06-10 11:16:31', '2017-06-10 11:16:31'),
(190, 'Vishnu Vijayan', 'Manimala', 'vishnualapra@gmail.com', 8129785090, '2017-06-10 14:38:25', '2017-06-10 14:38:25'),
(191, 'Joby', 'Ettumanoor', 'nicejob007@gmail.com', 9946246749, '2017-06-10 18:05:08', '2017-06-10 18:05:08'),
(192, 'Rosmin', 'KSA', 'jocyrim@gmail.com', 597865247, '2017-06-10 20:25:32', '2017-06-10 20:25:32'),
(193, 'Shijinedward', 'Abudhabi', 'shijinedward66@gmail.com', 971507159008, '2017-06-11 06:07:17', '2017-06-11 06:07:17'),
(194, 'Sherly', 'Shj', 'sherlyj07@gmail.com', 971506842537, '2017-06-11 06:07:43', '2017-06-11 06:07:43'),
(195, 'Ajay Babu', 'Mundakayam', 'emanuelajay@gmail.com', 8893424336, '2017-06-11 06:08:37', '2017-06-11 06:08:37'),
(196, 'BIJI ALEX', 'Oman', 'bijialex@gmail.com', 96892028857, '2017-06-11 06:12:14', '2017-06-11 06:12:14'),
(197, 'Johnson', 'Doha Qatar', 'johnsonouseph2011@gmail.com', 97455276828, '2017-06-11 06:14:14', '2017-06-11 06:14:14'),
(198, 'Priya mol sebastian', 'Delhi', 'sebastianpriyamol@gmail.com', 9582075168, '2017-06-11 06:16:39', '2017-06-11 06:16:39'),
(199, 'JINSON K PHILIP', 'PAIPPAD, CHANGANACHERRY', 'philiposekphilip@gmail.com', 9497226974, '2017-06-11 06:18:54', '2017-06-11 06:18:54'),
(200, 'Mathew', 'Dubai', 'mathewabel@gmail.com', 971502872837, '2017-06-11 06:19:11', '2017-06-11 06:19:11'),
(201, 'Jibin', 'Changanacherry', 'jibinjoicyryan@gmail.com', 8157894540, '2017-06-11 06:20:06', '2017-06-11 06:20:06'),
(202, 'Tijo', 'Kuwait', 'tijothm@gmail.com', 96597584729, '2017-06-11 06:25:14', '2017-06-11 06:25:14'),
(203, 'Dennis', 'Aruvithura', 'dennisattuchal@gmail.com', 9446600062, '2017-06-11 06:49:18', '2017-06-11 06:49:18'),
(204, 'Kuncheria', 'Cochin', 'kuncheriapkx@gmail.com', 9447391517, '2017-06-11 06:55:39', '2017-06-11 06:55:39'),
(205, 'Jijo', 'Kottayam', 'thomasjijo1983@gmail.com', 8281927468, '2017-06-11 06:58:49', '2017-06-11 06:58:49'),
(206, 'Jijisyriac', 'Kuwait', 'gigisyriac@gmail.com', 96555867002, '2017-06-11 07:03:07', '2017-06-11 07:03:07'),
(207, 'Anit bobin', 'Bangalore', 'anitbobin@gmail.com', 8951765467, '2017-06-11 07:16:03', '2017-06-11 07:16:03'),
(208, 'Shibu a', 'Chengannur', 'shibuc1610@gmail.com', 9495441047, '2017-06-11 07:22:44', '2017-06-11 07:22:44'),
(209, 'Tresa Sudeep', 'Sharjah', 'tresatp20@gmail.com', 971553751003, '2017-06-11 07:49:32', '2017-06-11 07:49:32'),
(210, 'Byju', 'ambarnath', 'byjuvalliyanal50@gmail.com', 9175089291, '2017-06-11 08:18:27', '2017-06-11 08:18:27'),
(211, 'Sona', 'Isreal', 'sonajoby1@gmail.com', 972559830660, '2017-06-11 11:39:02', '2017-06-11 11:39:02'),
(212, 'Denny', 'Thopumpad', 'dennyantony443@gmial.com', 9744342020, '2017-06-11 12:43:30', '2017-06-11 12:43:30'),
(213, 'Angel Sophia Jinson', 'KOTTAYAM', 'angelsophiav@gmail.com', 9745318118, '2017-06-11 13:05:13', '2017-06-11 13:05:13'),
(214, 'Toji Mathew', 'Thalayolaparambu', 'vattamkandathiltojimathew423@gmail.com', 9447132643, '2017-06-11 13:58:28', '2017-06-11 13:58:28'),
(215, 'Roychan kj', 'Saudi arabia', 'roycekj@outlook.com', 966551767967, '2017-06-11 17:35:45', '2017-06-11 18:08:08'),
(216, 'Minu', 'Alleppey', 'minusep29@gmail.com', 7558041758, '2017-06-11 18:24:51', '2017-06-11 18:24:51'),
(217, 'Sharlatte Mariya Joseph', 'Alappuzha', 'sharlatte@gmail.com', 9747375566, '2017-06-11 18:28:04', '2017-06-11 18:28:04'),
(218, 'Rincy', 'Kuwait', 'rincyabraham.84@gmail.com', 96598934599, '2017-06-11 18:29:40', '2017-06-11 18:29:40'),
(219, 'sonia', 'UAE', 'soniajoseph46@gmail.com', 971554794778, '2017-06-11 18:48:58', '2017-06-11 18:48:58'),
(220, 'Josekutty', 'Cherthala', 'josekariyil@gmail.com', 8075652611, '2017-06-11 18:58:42', '2017-06-11 18:58:42'),
(221, 'Juliee Joy', 'Kuwait', 'julieejoy@gmail.com', 96550234130, '2017-06-11 19:02:41', '2017-06-11 19:02:41'),
(222, 'Jomonjoseph', 'Saudhi Arabia', 'jomonjoseph424@gmail.com', 966597679656, '2017-06-11 19:07:42', '2017-06-11 19:07:42'),
(223, 'Meenu', 'Uae', 'meenu777g@gmail.com', 9715677904, '2017-06-11 19:15:03', '2017-06-11 19:15:03'),
(224, 'Simi', 'Israel', 'Simisijo16@gmail.com', 559828039, '2017-06-11 19:34:23', '2017-06-11 19:34:23'),
(225, 'Babykutty', 'Bahrain', 'babykuttyjoseph006@gmail.com', 97334063220, '2017-06-11 19:42:03', '2017-06-11 19:42:03'),
(226, 'Gils jacob', 'fujairah UAE', 'Gils.gilsenn@gmail.com', 551316435, '2017-06-11 19:56:20', '2017-06-11 19:56:20'),
(227, 'Alphonsa', 'Sharjah', 'alphuantony@gmail.com', 565440775, '2017-06-11 19:57:12', '2017-06-11 19:57:12'),
(228, 'Lincy Thomas', 'Sharjah', 'lincy.thomas@asterclinics.com', 558208896, '2017-06-11 20:01:29', '2017-06-11 20:01:29'),
(229, 'Jesney', 'Uae', 'jesneytv@yahoo.com', 563004435, '2017-06-11 20:11:15', '2017-06-11 20:11:15'),
(230, 'Joycy rejith', 'Al ain', 'joicyrejith@gmail.com', 971504120386, '2017-06-11 20:14:39', '2017-06-11 20:14:39'),
(231, 'Mariam', 'Salalah', 'mariamcherian28@gmail.com', 96899676859, '2017-06-11 21:15:21', '2017-06-11 21:15:21'),
(232, 'Jain olickal', 'Ranni , Pathanamthitta', 'jainolickal@gmail.com', 8289860713, '2017-06-11 22:43:46', '2017-06-11 22:43:46'),
(233, 'Georgekutty John', 'Muvattupuzha', 'georgekuttyjohn@asianetindia.com', 9447101805, '2017-06-12 00:42:45', '2017-06-12 00:42:45'),
(234, 'AleyammaPaul', 'Jodhpur', 'aleypaul107@gmail.com', 9950559104, '2017-06-12 01:07:57', '2017-06-12 01:07:57'),
(235, 'Reetha', 'Noida', 'reethasiby@yahoo.com', 9868390238, '2017-06-12 01:08:08', '2017-06-12 01:08:08'),
(236, 'Prince Francis', 'Cochin', 'princealappuzha@gmail.com', 8547955826, '2017-06-12 01:36:33', '2017-06-12 01:36:33'),
(237, 'Merlin', 'Sharjah', 'merlinj21@gmail.com', 501713324, '2017-06-12 03:53:06', '2017-06-12 03:53:06'),
(238, 'Anish', 'Kottayam', 'anishthayil1987@gmail.com', 9447674592, '2017-06-12 04:23:31', '2017-06-12 04:23:31'),
(239, 'Charley Koshy', 'Mundakayam', 'charleykoshy@yahoo.com', 9495705744, '2017-06-12 04:42:20', '2017-06-12 04:42:20'),
(240, 'JAIN PT', 'KUWAIT', 'jainthomas88@gmail.com', 8891634919, '2017-06-12 04:47:40', '2017-06-12 04:47:40'),
(241, 'Lintu', 'Muttar', 'lintumuttar@gmail.com', 7558916182, '2017-06-12 05:04:46', '2017-06-12 05:04:46'),
(242, 'Michael', 'Abu dhabi', 'michaelmba82@gmail.com', 552969957, '2017-06-12 05:09:28', '2017-06-12 05:09:28'),
(243, 'Tintu Augustine', 'Saudi Arabia', 'tintuaugustine003@gmail.com', 562746400, '2017-06-12 06:32:09', '2017-06-12 06:32:09'),
(244, 'Sinchu jose', 'Kannur', 'elizabethvijesh143@gmail.com', 9747988279, '2017-06-12 06:48:15', '2017-06-12 06:48:15'),
(245, 'Annakutty', 'Mundakayam', 'annakutty.cyril@gmail.com', 8943756409, '2017-06-12 08:04:47', '2017-06-12 08:04:47'),
(246, 'Binoychacko', 'oman', 'binoychacko001@gmail.com', 9497531136, '2017-06-12 08:19:14', '2017-06-12 08:19:14'),
(247, 'Sheela Saji', 'Alappuzha', 'sheela@gmail.com', 9747375588, '2017-06-12 08:38:55', '2017-06-12 08:38:55'),
(248, 'Sheeba', 'Punnapra', 'sheebarani04@gmail.com', 9946674402, '2017-06-12 08:47:21', '2017-06-12 08:47:21'),
(249, 'Fr prashant', 'Ims', 'frprashant@imsdhyanabhavan.com', 9495196988, '2017-06-12 12:35:08', '2017-06-14 14:04:30'),
(250, 'IMS', 'Alappuzha', 'imsammaoffice@gmail.com', 8606751752, '2017-06-12 12:40:31', '2017-06-12 12:40:31'),
(251, 'Rosilin', 'Sharjah', 'rosilinmathew@gmail.com', 508428870, '2017-06-12 15:01:19', '2017-06-12 15:01:19'),
(252, 'Sijo', 'Nilambur', 'sijofrancis90@gmail.com', 8281190191, '2017-06-12 15:09:46', '2017-06-12 15:09:46'),
(253, 'Manju Mary Jose', 'Trivandrum', 'mnj_06@rediffmail.com', 9400560991, '2017-06-12 15:57:22', '2017-06-12 15:57:22'),
(254, 'Shinesoloman', 'Kollam', 'shinesoloman898@gmail.com', 8281069460, '2017-06-12 16:00:33', '2017-06-12 16:00:33'),
(255, 'Jobi', 'Aluva', 'jobifrancis@gmail.com', 9895275271, '2017-06-12 17:28:03', '2017-06-12 17:28:03'),
(256, 'Bibimol Johnpaul', 'Dubai', 'bibithomasg@gamail.com', 521417648, '2017-06-12 18:48:57', '2017-06-12 18:48:57'),
(257, 'shyn Antony', 'oman', 'shineantony85@gmail.com', 96898765094, '2017-06-12 20:05:48', '2017-06-12 20:05:48'),
(258, 'Ritu', 'UK', 'ritumariamj@gmail.com', 7778089406, '2017-06-12 21:28:38', '2017-06-12 21:28:38'),
(259, 'Sherry Eric Lobo', 'Bahrain', 'johnsherry89@gmail.com', 9732026035, '2017-06-12 21:43:32', '2017-06-12 21:43:32'),
(260, 'Gilish Jose', 'Sharjah, UAE', 'gilish.jose@gmail.com', 971582856398, '2017-06-12 22:44:50', '2017-06-12 22:44:50'),
(261, 'Regi', 'Canada', 'regi5825@gmail.com', 6477665824, '2017-06-12 23:15:54', '2017-06-12 23:15:54'),
(262, 'Sapna', 'USA', 'sapnajoseph03@hotmail.com', 2017619720, '2017-06-12 23:58:26', '2017-06-12 23:58:26'),
(263, 'bzhs', 'dndn', 'djdj@xjjd.com', 964646964364, '2017-06-13 04:49:20', '2017-06-13 04:49:20'),
(264, 'Mummy pascal', 'Tamil nadu', 'johnpascal65@gmail.com', 8778740467, '2017-06-13 05:48:39', '2017-06-13 05:48:39'),
(265, 'Varghese', 'Alappuzha', 'varghese1799@gmail.com', 9037179758, '2017-06-13 07:22:59', '2017-06-13 07:22:59'),
(266, 'Sherin', 'Aluva', 'sherink_george@yahoo.com', 9846145788, '2017-06-13 08:14:26', '2017-06-13 08:14:26'),
(267, 'Thomas Antony', 'Ernakulam', 'tony.nangachiveed@gmail.com', 7356884039, '2017-06-13 08:35:13', '2017-06-13 08:35:13'),
(268, 'Libin', 'kalpetta', 'libinthomas660@gmail.com', 9544432843, '2017-06-13 09:43:29', '2017-06-13 09:43:29'),
(269, 'Jeenu Xavier', 'Mumbai', 'jeenuxavier@rediffmail.com', 7586964437, '2017-06-13 10:03:01', '2017-06-13 10:03:01'),
(270, 'Joy Manaloor', 'Thrissur', 'joymanaloor39@gmail.com', 9744635839, '2017-06-13 10:18:43', '2017-06-13 10:18:43'),
(271, 'Tincy', 'Abudabi', 'tincybaiju1984@gmail.com', 971552076241, '2017-06-13 13:04:59', '2017-06-13 13:04:59'),
(272, 'renny xavier', 'kerala', 'rennyxavier@gmail.com', 9495423207, '2017-06-13 13:16:41', '2017-06-13 13:16:41'),
(273, 'Anju George', 'Kottayam', 'anju14george@yahoo.com', 9656354500, '2017-06-13 13:45:09', '2017-06-13 13:45:09'),
(274, 'Anitha Lisho', 'Jubail', 'anithamathewma@gmail.com', 571140401, '2017-06-13 14:00:41', '2017-06-13 14:00:41'),
(275, 'Nini jovin', 'Riyadh', 'ninijovin@yahoo.com', 509077361, '2017-06-13 14:51:34', '2017-06-13 14:51:34'),
(276, 'Rosemary', 'Sharjah', 'rosemaryroyj@yahoo.com', 504881429, '2017-06-13 16:34:55', '2017-06-13 16:34:55'),
(277, 'Beena', 'Udhampur j&k', 'beenav700@gmail.com', 8716863127, '2017-06-13 16:59:41', '2017-06-13 16:59:41'),
(278, 'JINSON THOMAS', 'THRISSUR', 'Jtmf87@gmail.com', 6455003984, '2017-06-13 23:04:18', '2017-06-13 23:04:18'),
(279, 'Martin Mathew', 'Thodupuzha', 'martin263382@gmail.com', 9497669533, '2017-06-13 23:40:14', '2017-06-13 23:40:14'),
(280, 'Sreeja', 'Haripad', 'sreeja690548@gmail.com', 9400814596, '2017-06-14 00:52:29', '2017-06-14 00:52:29'),
(281, 'Sebastian George', 'Farrukhabad. UP', 'jissmon2012@gmail.com', 9450386971, '2017-06-14 01:40:26', '2017-06-14 01:40:26'),
(282, 'jsjsh', 'xnn', 'hshs@jsjs.com', 97842494887, '2017-06-14 04:06:46', '2017-06-14 04:06:46'),
(283, 'Jyothis', 'Kottyam', 'jyothispullat@gmail.com', 9526233271, '2017-06-14 05:15:44', '2017-06-14 05:15:44'),
(284, 'Sreyas', 'Vyttla', 'sreyasgeorge5@gmail.com', 8921418834, '2017-06-14 06:01:37', '2017-06-14 06:01:37'),
(285, 'Shari', 'Alappuzha', 'sharibinoy696@gmail.com', 9207960628, '2017-06-14 06:19:51', '2017-06-14 06:19:51'),
(286, 'seabia', 'kollam', 'seabiaaloysius123@gmail.com', 919747166675, '2017-06-14 07:05:01', '2017-06-14 07:05:01'),
(287, 'Alex', 'Abudhabi', 'alexeibfs@yahoo.com', 971506983971, '2017-06-14 12:44:31', '2017-06-14 12:44:31'),
(288, 'Mary', 'Trivandrum', 'nishaelginperiera@gmail.com', 9567056160, '2017-06-14 12:48:14', '2017-06-14 12:48:14'),
(289, 'SABUVALEL V PATHROSE', 'DAMMAM, Saudi Arabia', 'sabuvp14@gmail.com', 96650178541, '2017-06-14 20:07:26', '2017-06-14 20:07:26'),
(290, 'Jancy shajan', 'Alappuzha', 'jancyshajan75@gmail.com', 9388129330, '2017-06-15 00:56:32', '2017-06-15 00:56:32'),
(291, 'Suja', 'Ettumanoor', 'jaysonsuja@gmail.com', 9495958661, '2017-06-15 09:16:35', '2017-06-15 09:16:35'),
(292, 'Abhilash Varghese', 'Jaipur', 'abhilash.infinity@gmail.com', 7011520056, '2017-06-15 12:28:53', '2017-06-15 12:28:53'),
(293, 'Jingle Antony', 'Idukki', 'jingleantony@gmail.com', 8943334460, '2017-06-15 18:27:09', '2017-06-15 18:27:09'),
(294, 'sejomon', 'dubai', 'sejomon89@gmail.com', 552130185, '2017-06-15 20:44:57', '2017-06-15 20:44:57'),
(295, 'Sophy', 'Kanpur (U.P.)', 'sophythomas815@gmail.com', 9450138925, '2017-06-16 06:53:39', '2017-06-16 06:53:39'),
(296, 'Mini', 'Soudi', 'miniphilip27@gmail.com', 966507108363, '2017-06-17 01:13:30', '2017-06-17 01:13:30'),
(297, 'Vivek', 'Alappuzha', 'vinaygeorge44@gmail.com', 9495992648, '2017-06-17 06:25:54', '2017-06-17 06:25:54'),
(298, 'Jofin George', 'Thodupuzha', 'jofingeorge1984@gmail.com', 9400125568, '2017-06-17 13:41:37', '2017-06-17 13:41:37'),
(299, 'Varghese V', 'Neerkunnam', 'Rajeashanu1234@gmail.com', 8281137854, '2017-06-19 07:47:31', '2017-06-19 07:47:31'),
(300, 'SONIA SHIBU', 'Kolencherry', 'soniavarghese1102@gmail.com', 9447613658, '2017-06-21 15:27:03', '2017-06-21 15:27:03');

-- --------------------------------------------------------

--
-- Table structure for table `weblink`
--

CREATE TABLE `weblink` (
  `WebLinkId` int(11) NOT NULL,
  `LinkName` varchar(30) NOT NULL,
  `WebUrl` varchar(50) NOT NULL,
  `LinkNo` varchar(11) NOT NULL
) ENGINE=InnoDB DEFAULT CHARSET=latin1;

--
-- Dumping data for table `weblink`
--

INSERT INTO `weblink` (`WebLinkId`, `LinkName`, `WebUrl`, `LinkNo`) VALUES
(1, '', '', 'Link 1'),
(2, 'page2', 'http://imsamma.com/', 'Link 2'),
(3, 'page3', 'http://marianretreatcentre.org/', 'Link 3'),
(4, 'page4', 'http://imsamma.com/', 'Link 4'),
(5, 'page5', 'http://imsdhyanabhavan.com/', 'Link 5');

--
-- Indexes for dumped tables
--

--
-- Indexes for table `likedislike`
--
ALTER TABLE `likedislike`
  ADD PRIMARY KEY (`LikeDislikeId`);

--
-- Indexes for table `login`
--
ALTER TABLE `login`
  ADD PRIMARY KEY (`UserId`);

--
-- Indexes for table `notification`
--
ALTER TABLE `notification`
  ADD PRIMARY KEY (`NotificationId`);

--
-- Indexes for table `prayercount`
--
ALTER TABLE `prayercount`
  ADD PRIMARY KEY (`PrayerCountId`);

--
-- Indexes for table `prayerrequest`
--
ALTER TABLE `prayerrequest`
  ADD PRIMARY KEY (`PrayerRequestId`);

--
-- Indexes for table `registration`
--
ALTER TABLE `registration`
  ADD PRIMARY KEY (`RegisterId`);

--
-- Indexes for table `weblink`
--
ALTER TABLE `weblink`
  ADD PRIMARY KEY (`WebLinkId`);

--
-- AUTO_INCREMENT for dumped tables
--

--
-- AUTO_INCREMENT for table `likedislike`
--
ALTER TABLE `likedislike`
  MODIFY `LikeDislikeId` int(11) NOT NULL AUTO_INCREMENT, AUTO_INCREMENT=447;
--
-- AUTO_INCREMENT for table `login`
--
ALTER TABLE `login`
  MODIFY `UserId` int(11) NOT NULL AUTO_INCREMENT;
--
-- AUTO_INCREMENT for table `notification`
--
ALTER TABLE `notification`
  MODIFY `NotificationId` int(11) NOT NULL AUTO_INCREMENT, AUTO_INCREMENT=17;
--
-- AUTO_INCREMENT for table `prayercount`
--
ALTER TABLE `prayercount`
  MODIFY `PrayerCountId` int(10) NOT NULL AUTO_INCREMENT, AUTO_INCREMENT=6;
--
-- AUTO_INCREMENT for table `prayerrequest`
--
ALTER TABLE `prayerrequest`
  MODIFY `PrayerRequestId` int(11) NOT NULL AUTO_INCREMENT, AUTO_INCREMENT=63;
--
-- AUTO_INCREMENT for table `registration`
--
ALTER TABLE `registration`
  MODIFY `RegisterId` int(11) NOT NULL AUTO_INCREMENT, AUTO_INCREMENT=301;
--
-- AUTO_INCREMENT for table `weblink`
--
ALTER TABLE `weblink`
  MODIFY `WebLinkId` int(11) NOT NULL AUTO_INCREMENT, AUTO_INCREMENT=6;
/*!40101 SET CHARACTER_SET_CLIENT=@OLD_CHARACTER_SET_CLIENT */;
/*!40101 SET CHARACTER_SET_RESULTS=@OLD_CHARACTER_SET_RESULTS */;
/*!40101 SET COLLATION_CONNECTION=@OLD_COLLATION_CONNECTION */;
